<?xml version="1.0" encoding="UTF-8" standalone="no" ?>
<gpx xmlns="http://www.topografix.com/GPX/1/1" creator="MapSource 6.16.3" version="1.1" xmlns:xsi="http://www.w3.org/2001/XMLSchema-instance" xsi:schemaLocation="http://www.topografix.com/GPX/1/1 http://www.topografix.com/GPX/1/1/gpx.xsd">

  <metadata>
    <link href="http://www.garmin.com">
      <text>Garmin International</text>
    </link>
    <time>2026-08-03T19:02:24Z</time>
    <bounds maxlat="50.843422003090382" maxlon="3.609393937513232" minlat="50.76108455657959" minlon="3.522411743178964"/>
  </metadata>

  <wpt lat="50.764560699462891" lon="3.53785514831543">
    <time>2026-08-03T11:28:56Z</time>
    <name>Knp 17</name>
    <cmt>Rue Du Lait Battu en Ronde Van Vlaanderenstraat</cmt>
    <desc>Rue Du Lait Battu en Ronde Van Vlaanderenstraat</desc>
    <sym>Flag, Blue</sym>
    <extensions>
      <gpxx:WaypointExtension xmlns:gpxx="http://www.garmin.com/xmlschemas/GpxExtensions/v3">
        <gpxx:DisplayMode>SymbolAndName</gpxx:DisplayMode>
      </gpxx:WaypointExtension>
    </extensions>
  </wpt>

  <wpt lat="50.812850017100573" lon="3.572058007121086">
    <ele>7.904225</ele>
    <time>2026-08-01T09:01:32Z</time>
    <name>Knp 18 V3</name>
    <sym>Flag, Blue</sym>
    <extensions>
      <gpxx:WaypointExtension xmlns:gpxx="http://www.garmin.com/xmlschemas/GpxExtensions/v3">
        <gpxx:DisplayMode>SymbolAndName</gpxx:DisplayMode>
      </gpxx:WaypointExtension>
    </extensions>
  </wpt>

  <wpt lat="50.798764228820801" lon="3.572959899902344">
    <time>2026-08-03T11:19:35Z</time>
    <name>Knp 19</name>
    <cmt>Pladutsestraat en Weg</cmt>
    <desc>Pladutsestraat en Weg</desc>
    <sym>Flag, Blue</sym>
    <extensions>
      <gpxx:WaypointExtension xmlns:gpxx="http://www.garmin.com/xmlschemas/GpxExtensions/v3">
        <gpxx:DisplayMode>SymbolAndName</gpxx:DisplayMode>
      </gpxx:WaypointExtension>
    </extensions>
  </wpt>

  <wpt lat="50.76108455657959" lon="3.569355010986328">
    <time>2026-08-03T11:24:20Z</time>
    <name>Knp 23</name>
    <cmt>Zandstraat en Hotondstraat en Riekestraat</cmt>
    <desc>Zandstraat en Hotondstraat en Riekestraat</desc>
    <sym>Flag, Blue</sym>
    <extensions>
      <gpxx:WaypointExtension xmlns:gpxx="http://www.garmin.com/xmlschemas/GpxExtensions/v3">
        <gpxx:DisplayMode>SymbolAndName</gpxx:DisplayMode>
      </gpxx:WaypointExtension>
    </extensions>
  </wpt>

  <wpt lat="50.833593718707561" lon="3.604792607948184">
    <time>2026-08-03T10:54:35Z</time>
    <name>Knp 40</name>
    <cmt>Leupegemstraat 47</cmt>
    <desc>Leupegemstraat 47</desc>
    <sym>Flag, Blue</sym>
    <extensions>
      <gpxx:WaypointExtension xmlns:gpxx="http://www.garmin.com/xmlschemas/GpxExtensions/v3">
        <gpxx:DisplayMode>SymbolAndName</gpxx:DisplayMode>
      </gpxx:WaypointExtension>
    </extensions>
  </wpt>

  <wpt lat="50.792884826660156" lon="3.522491455078125">
    <time>2026-08-03T12:32:21Z</time>
    <name>Knp 5</name>
    <cmt>Pontstraat en Rozenlaan</cmt>
    <desc>Pontstraat en Rozenlaan</desc>
    <sym>Flag, Blue</sym>
    <extensions>
      <gpxx:WaypointExtension xmlns:gpxx="http://www.garmin.com/xmlschemas/GpxExtensions/v3">
        <gpxx:DisplayMode>SymbolAndName</gpxx:DisplayMode>
      </gpxx:WaypointExtension>
    </extensions>
  </wpt>

  <wpt lat="50.813128128647804" lon="3.571457276120782">
    <time>2026-08-03T11:06:10Z</time>
    <name>Knp 57</name>
    <cmt>Rotelenberg 6</cmt>
    <desc>Rotelenberg 6</desc>
    <sym>Flag, Blue</sym>
    <extensions>
      <gpxx:WaypointExtension xmlns:gpxx="http://www.garmin.com/xmlschemas/GpxExtensions/v3">
        <gpxx:DisplayMode>SymbolAndName</gpxx:DisplayMode>
      </gpxx:WaypointExtension>
    </extensions>
  </wpt>

  <wpt lat="50.790245030075312" lon="3.524545021355152">
    <ele>16.985153</ele>
    <time>2026-08-01T11:11:15Z</time>
    <name>Knp 7 V17</name>
    <sym>Flag, Blue</sym>
    <extensions>
      <gpxx:WaypointExtension xmlns:gpxx="http://www.garmin.com/xmlschemas/GpxExtensions/v3">
        <gpxx:DisplayMode>SymbolAndName</gpxx:DisplayMode>
      </gpxx:WaypointExtension>
    </extensions>
  </wpt>

  <wpt lat="50.836382880806923" lon="3.604454146698117">
    <time>2026-08-03T10:51:50Z</time>
    <name>Knp 8</name>
    <cmt>Leupegem</cmt>
    <desc>Leupegem</desc>
    <sym>Flag, Blue</sym>
    <extensions>
      <gpxx:WaypointExtension xmlns:gpxx="http://www.garmin.com/xmlschemas/GpxExtensions/v3">
        <gpxx:DisplayMode>SymbolAndName</gpxx:DisplayMode>
      </gpxx:WaypointExtension>
    </extensions>
  </wpt>

  <wpt lat="50.801074029877782" lon="3.576347026973963">
    <ele>21.616223999999999</ele>
    <time>2026-08-01T09:11:26Z</time>
    <name>Knp 88 V4</name>
    <sym>Flag, Blue</sym>
    <extensions>
      <gpxx:WaypointExtension xmlns:gpxx="http://www.garmin.com/xmlschemas/GpxExtensions/v3">
        <gpxx:DisplayMode>SymbolAndName</gpxx:DisplayMode>
      </gpxx:WaypointExtension>
    </extensions>
  </wpt>

  <wpt lat="50.768913254141808" lon="3.529631579294801">
    <time>2026-08-03T12:22:06Z</time>
    <name>Knp 96</name>
    <cmt>Ronse Baan</cmt>
    <desc>Ronse Baan</desc>
    <sym>Flag, Blue</sym>
    <extensions>
      <gpxx:WaypointExtension xmlns:gpxx="http://www.garmin.com/xmlschemas/GpxExtensions/v3">
        <gpxx:DisplayMode>SymbolAndName</gpxx:DisplayMode>
      </gpxx:WaypointExtension>
    </extensions>
  </wpt>

  <wpt lat="50.765179032459855" lon="3.533019963651896">
    <ele>115.96787999999999</ele>
    <time>2026-08-01T09:58:48Z</time>
    <name>V11</name>
    <sym>Flag, Blue</sym>
    <extensions>
      <gpxx:WaypointExtension xmlns:gpxx="http://www.garmin.com/xmlschemas/GpxExtensions/v3">
        <gpxx:DisplayMode>SymbolAndName</gpxx:DisplayMode>
      </gpxx:WaypointExtension>
    </extensions>
  </wpt>

  <wpt lat="50.765869030728936" lon="3.530932031571865">
    <ele>112.38503300000001</ele>
    <time>2026-08-01T10:01:43Z</time>
    <name>V12</name>
    <sym>Flag, Blue</sym>
    <extensions>
      <gpxx:WaypointExtension xmlns:gpxx="http://www.garmin.com/xmlschemas/GpxExtensions/v3">
        <gpxx:DisplayMode>SymbolAndName</gpxx:DisplayMode>
      </gpxx:WaypointExtension>
    </extensions>
  </wpt>

  <wpt lat="50.776488985866308" lon="3.524318961426616">
    <ele>77.552459999999996</ele>
    <time>2026-08-01T10:20:11Z</time>
    <name>V1516</name>
    <sym>Flag, Blue</sym>
    <extensions>
      <gpxx:WaypointExtension xmlns:gpxx="http://www.garmin.com/xmlschemas/GpxExtensions/v3">
        <gpxx:DisplayMode>SymbolAndName</gpxx:DisplayMode>
      </gpxx:WaypointExtension>
    </extensions>
  </wpt>

  <wpt lat="50.808490002527833" lon="3.544575003907085">
    <ele>13.939230999999999</ele>
    <time>2026-08-01T11:27:48Z</time>
    <name>V18</name>
    <sym>Flag, Blue</sym>
    <extensions>
      <gpxx:WaypointExtension xmlns:gpxx="http://www.garmin.com/xmlschemas/GpxExtensions/v3">
        <gpxx:DisplayMode>SymbolAndName</gpxx:DisplayMode>
      </gpxx:WaypointExtension>
    </extensions>
  </wpt>

  <wpt lat="50.815653009340167" lon="3.565092980861664">
    <ele>17.216426999999999</ele>
    <time>2026-08-01T11:37:28Z</time>
    <name>V19</name>
    <sym>Flag, Blue</sym>
    <extensions>
      <gpxx:WaypointExtension xmlns:gpxx="http://www.garmin.com/xmlschemas/GpxExtensions/v3">
        <gpxx:DisplayMode>SymbolAndName</gpxx:DisplayMode>
      </gpxx:WaypointExtension>
    </extensions>
  </wpt>

  <wpt lat="50.813064007088542" lon="3.575816033408046">
    <ele>23.406376000000002</ele>
    <time>2026-08-01T08:54:59Z</time>
    <name>V2</name>
    <sym>Flag, Blue</sym>
    <extensions>
      <gpxx:WaypointExtension xmlns:gpxx="http://www.garmin.com/xmlschemas/GpxExtensions/v3">
        <gpxx:DisplayMode>SymbolAndName</gpxx:DisplayMode>
      </gpxx:WaypointExtension>
    </extensions>
  </wpt>

  <wpt lat="50.799722028896213" lon="3.571931021288037">
    <ele>17.767088000000001</ele>
    <time>2026-08-01T09:16:12Z</time>
    <name>V5</name>
    <sym>Flag, Blue</sym>
    <extensions>
      <gpxx:WaypointExtension xmlns:gpxx="http://www.garmin.com/xmlschemas/GpxExtensions/v3">
        <gpxx:DisplayMode>SymbolAndName</gpxx:DisplayMode>
      </gpxx:WaypointExtension>
    </extensions>
  </wpt>

  <wpt lat="50.788990007713437" lon="3.570932988077402">
    <ele>29.106200999999999</ele>
    <time>2026-08-01T09:31:03Z</time>
    <name>V78</name>
    <sym>Flag, Blue</sym>
    <extensions>
      <gpxx:WaypointExtension xmlns:gpxx="http://www.garmin.com/xmlschemas/GpxExtensions/v3">
        <gpxx:DisplayMode>SymbolAndName</gpxx:DisplayMode>
      </gpxx:WaypointExtension>
    </extensions>
  </wpt>

  <wpt lat="50.779504040256143" lon="3.5539769846946">
    <ele>86.439376999999993</ele>
    <time>2026-08-01T09:41:21Z</time>
    <name>V910</name>
    <sym>Flag, Blue</sym>
    <extensions>
      <gpxx:WaypointExtension xmlns:gpxx="http://www.garmin.com/xmlschemas/GpxExtensions/v3">
        <gpxx:DisplayMode>SymbolAndName</gpxx:DisplayMode>
      </gpxx:WaypointExtension>
    </extensions>
  </wpt>

  <trk>
    <name>KP Fietsrally 2026</name>
    <extensions>
      <gpxx:TrackExtension xmlns:gpxx="http://www.garmin.com/xmlschemas/GpxExtensions/v3">
        <gpxx:DisplayColor>Blue</gpxx:DisplayColor>
      </gpxx:TrackExtension>
    </extensions>
    <trkseg>
      <trkpt lat="50.843422003090382" lon="3.608285430818796">
        <ele>10.44</ele>
        <time>2026-08-01T08:18:46Z</time>
      </trkpt>
      <trkpt lat="50.84306325763464" lon="3.607924673706293">
        <ele>10.529999999999999</ele>
        <time>2026-08-01T08:19:03Z</time>
      </trkpt>
      <trkpt lat="50.842968374490738" lon="3.607910675927997">
        <ele>10.44</ele>
        <time>2026-08-01T08:19:08Z</time>
      </trkpt>
      <trkpt lat="50.84294892847538" lon="3.607935234904289">
        <ele>10.5</ele>
        <time>2026-08-01T08:19:09Z</time>
      </trkpt>
      <trkpt lat="50.842505525797606" lon="3.608717266470194">
        <ele>11.119999999999999</ele>
        <time>2026-08-01T08:19:28Z</time>
      </trkpt>
      <trkpt lat="50.842211153358221" lon="3.609393937513232">
        <ele>11.18</ele>
        <time>2026-08-01T08:19:44Z</time>
      </trkpt>
      <trkpt lat="50.842182319611311" lon="3.609385723248124">
        <ele>10.859999999999999</ele>
        <time>2026-08-01T08:19:57Z</time>
      </trkpt>
      <trkpt lat="50.842176368460059" lon="3.609372563660145">
        <ele>11.06</ele>
        <time>2026-08-01T08:20:44Z</time>
      </trkpt>
      <trkpt lat="50.842165136709809" lon="3.609364097937942">
        <ele>10.720000000000001</ele>
        <time>2026-08-01T08:21:26Z</time>
      </trkpt>
      <trkpt lat="50.84215491078794" lon="3.609367785975337">
        <ele>10.699999999999999</ele>
        <time>2026-08-01T08:21:27Z</time>
      </trkpt>
      <trkpt lat="50.842142589390278" lon="3.609367869794369">
        <ele>10.73</ele>
        <time>2026-08-01T08:21:28Z</time>
      </trkpt>
      <trkpt lat="50.842127837240696" lon="3.609362337738276">
        <ele>10.529999999999999</ele>
        <time>2026-08-01T08:21:29Z</time>
      </trkpt>
      <trkpt lat="50.842115096747875" lon="3.609345238655806">
        <ele>10.73</ele>
        <time>2026-08-01T08:21:30Z</time>
      </trkpt>
      <trkpt lat="50.842105709016323" lon="3.609325038269162">
        <ele>10.85</ele>
        <time>2026-08-01T08:21:31Z</time>
      </trkpt>
      <trkpt lat="50.842099087312818" lon="3.609303999692202">
        <ele>10.98</ele>
        <time>2026-08-01T08:21:32Z</time>
      </trkpt>
      <trkpt lat="50.842087185010314" lon="3.609282458201051">
        <ele>10.9</ele>
        <time>2026-08-01T08:21:47Z</time>
      </trkpt>
      <trkpt lat="50.842092549428344" lon="3.609288074076176">
        <ele>10.83</ele>
        <time>2026-08-01T08:23:24Z</time>
      </trkpt>
      <trkpt lat="50.842087352648377" lon="3.609294528141618">
        <ele>10.6</ele>
        <time>2026-08-01T08:25:17Z</time>
      </trkpt>
      <trkpt lat="50.842083161696792" lon="3.609275920316577">
        <ele>10.65</ele>
        <time>2026-08-01T08:27:21Z</time>
      </trkpt>
      <trkpt lat="50.842068241909146" lon="3.60927457921207">
        <ele>10.68</ele>
        <time>2026-08-01T08:28:00Z</time>
      </trkpt>
      <trkpt lat="50.84205818362534" lon="3.609274830669165">
        <ele>10.73</ele>
        <time>2026-08-01T08:28:01Z</time>
      </trkpt>
      <trkpt lat="50.842044269666076" lon="3.609268963336945">
        <ele>10.51</ele>
        <time>2026-08-01T08:28:02Z</time>
      </trkpt>
      <trkpt lat="50.842027086764574" lon="3.609253540635109">
        <ele>10.470000000000001</ele>
        <time>2026-08-01T08:28:03Z</time>
      </trkpt>
      <trkpt lat="50.84200588054955" lon="3.609230741858482">
        <ele>10.390000000000001</ele>
        <time>2026-08-01T08:28:04Z</time>
      </trkpt>
      <trkpt lat="50.84154948592186" lon="3.608661442995071">
        <ele>10.08</ele>
        <time>2026-08-01T08:28:19Z</time>
      </trkpt>
      <trkpt lat="50.841031987220049" lon="3.607889134436846">
        <ele>9.6</ele>
        <time>2026-08-01T08:28:40Z</time>
      </trkpt>
      <trkpt lat="50.840543154627085" lon="3.606866290792823">
        <ele>9.630000000000001</ele>
        <time>2026-08-01T08:29:01Z</time>
      </trkpt>
      <trkpt lat="50.840492779389024" lon="3.606765372678638">
        <ele>9.85</ele>
        <time>2026-08-01T08:29:03Z</time>
      </trkpt>
      <trkpt lat="50.840463694185019" lon="3.606717092916369">
        <ele>9.859999999999999</ele>
        <time>2026-08-01T08:29:04Z</time>
      </trkpt>
      <trkpt lat="50.840071924030781" lon="3.606040673330426">
        <ele>10.039999999999999</ele>
        <time>2026-08-01T08:29:19Z</time>
      </trkpt>
      <trkpt lat="50.839686021208763" lon="3.605220252647996">
        <ele>9.83</ele>
        <time>2026-08-01T08:29:36Z</time>
      </trkpt>
      <trkpt lat="50.839312355965376" lon="3.604414165019989">
        <ele>9.69</ele>
        <time>2026-08-01T08:29:53Z</time>
      </trkpt>
      <trkpt lat="50.838841795921326" lon="3.603414539247751">
        <ele>10.119999999999999</ele>
        <time>2026-08-01T08:30:13Z</time>
      </trkpt>
      <trkpt lat="50.838737525045872" lon="3.603206835687161">
        <ele>9.94</ele>
        <time>2026-08-01T08:30:19Z</time>
      </trkpt>
      <trkpt lat="50.838708020746708" lon="3.603208344429731">
        <ele>10.050000000000001</ele>
        <time>2026-08-01T08:30:22Z</time>
      </trkpt>
      <trkpt lat="50.838529905304313" lon="3.603385286405683">
        <ele>10.34</ele>
        <time>2026-08-01T08:30:33Z</time>
      </trkpt>
      <trkpt lat="50.837958678603172" lon="3.603735566139221">
        <ele>9.949999999999999</ele>
        <time>2026-08-01T08:30:48Z</time>
      </trkpt>
      <trkpt lat="50.837127529084682" lon="3.604212747886777">
        <ele>9.74</ele>
        <time>2026-08-01T08:31:10Z</time>
      </trkpt>
      <trkpt lat="50.83643794991076" lon="3.604497984051704">
        <ele>9.779999999999999</ele>
        <time>2026-08-01T08:31:26Z</time>
      </trkpt>
      <trkpt lat="50.836382880806923" lon="3.604454146698117">
        <ele>9.26</ele>
        <time>2026-08-01T08:31:28Z</time>
      </trkpt>
      <trkpt lat="50.836372235789895" lon="3.604414332658052">
        <ele>9.32</ele>
        <time>2026-08-01T08:31:29Z</time>
      </trkpt>
      <trkpt lat="50.836362764239311" lon="3.60436487942934">
        <ele>9.66</ele>
        <time>2026-08-01T08:31:30Z</time>
      </trkpt>
      <trkpt lat="50.836221780627966" lon="3.60374235548079">
        <ele>9.109999999999999</ele>
        <time>2026-08-01T08:31:40Z</time>
      </trkpt>
      <trkpt lat="50.836202250793576" lon="3.603691644966602">
        <ele>9.24</ele>
        <time>2026-08-01T08:31:41Z</time>
      </trkpt>
      <trkpt lat="50.836164448410273" lon="3.603690220043063">
        <ele>9.300000000000001</ele>
        <time>2026-08-01T08:31:42Z</time>
      </trkpt>
      <trkpt lat="50.836039893329144" lon="3.603795496746898">
        <ele>9.119999999999999</ele>
        <time>2026-08-01T08:31:45Z</time>
      </trkpt>
      <trkpt lat="50.835993541404605" lon="3.603830365464091">
        <ele>8.960000000000001</ele>
        <time>2026-08-01T08:31:46Z</time>
      </trkpt>
      <trkpt lat="50.835296753793955" lon="3.604351049289107">
        <ele>8.470000000000001</ele>
        <time>2026-08-01T08:32:01Z</time>
      </trkpt>
      <trkpt lat="50.835166666656733" lon="3.604434197768569">
        <ele>8.48</ele>
        <time>2026-08-01T08:32:04Z</time>
      </trkpt>
      <trkpt lat="50.835120566189289" lon="3.604433359578252">
        <ele>8.6</ele>
        <time>2026-08-01T08:32:05Z</time>
      </trkpt>
      <trkpt lat="50.835075136274099" lon="3.604415338486433">
        <ele>8.66</ele>
        <time>2026-08-01T08:32:06Z</time>
      </trkpt>
      <trkpt lat="50.835036244243383" lon="3.604385331273079">
        <ele>8.82</ele>
        <time>2026-08-01T08:32:07Z</time>
      </trkpt>
      <trkpt lat="50.835006823763251" lon="3.604347696527839">
        <ele>8.810000000000001</ele>
        <time>2026-08-01T08:32:08Z</time>
      </trkpt>
      <trkpt lat="50.834979666396976" lon="3.604306625202298">
        <ele>8.859999999999999</ele>
        <time>2026-08-01T08:32:09Z</time>
      </trkpt>
      <trkpt lat="50.834952341392636" lon="3.604264967143536">
        <ele>8.880000000000001</ele>
        <time>2026-08-01T08:32:10Z</time>
      </trkpt>
      <trkpt lat="50.834683198481798" lon="3.603841178119183">
        <ele>9.5</ele>
        <time>2026-08-01T08:32:19Z</time>
      </trkpt>
      <trkpt lat="50.834648832678795" lon="3.603804633021355">
        <ele>9.380000000000001</ele>
        <time>2026-08-01T08:32:20Z</time>
      </trkpt>
      <trkpt lat="50.834612958133221" lon="3.603776469826698">
        <ele>9.550000000000001</ele>
        <time>2026-08-01T08:32:21Z</time>
      </trkpt>
      <trkpt lat="50.834573479369283" lon="3.603758281096816">
        <ele>9.539999999999999</ele>
        <time>2026-08-01T08:32:22Z</time>
      </trkpt>
      <trkpt lat="50.834531737491488" lon="3.603745959699154">
        <ele>9.539999999999999</ele>
        <time>2026-08-01T08:32:23Z</time>
      </trkpt>
      <trkpt lat="50.834490666165948" lon="3.603747636079788">
        <ele>9.82</ele>
        <time>2026-08-01T08:32:24Z</time>
      </trkpt>
      <trkpt lat="50.834451019763947" lon="3.603761717677116">
        <ele>9.77</ele>
        <time>2026-08-01T08:32:25Z</time>
      </trkpt>
      <trkpt lat="50.834412630647421" lon="3.603780660778284">
        <ele>9.76</ele>
        <time>2026-08-01T08:32:26Z</time>
      </trkpt>
      <trkpt lat="50.834376756101847" lon="3.603808991611004">
        <ele>9.779999999999999</ele>
        <time>2026-08-01T08:32:27Z</time>
      </trkpt>
      <trkpt lat="50.834337612614036" lon="3.603840591385961">
        <ele>9.890000000000001</ele>
        <time>2026-08-01T08:32:28Z</time>
      </trkpt>
      <trkpt lat="50.834251530468464" lon="3.603893984109163">
        <ele>10.08</ele>
        <time>2026-08-01T08:32:30Z</time>
      </trkpt>
      <trkpt lat="50.834200065582991" lon="3.603912172839046">
        <ele>10.130000000000001</ele>
        <time>2026-08-01T08:32:31Z</time>
      </trkpt>
      <trkpt lat="50.834147175773978" lon="3.603925416246057">
        <ele>10.359999999999999</ele>
        <time>2026-08-01T08:32:32Z</time>
      </trkpt>
      <trkpt lat="50.83409646525979" lon="3.60395735129714">
        <ele>10.58</ele>
        <time>2026-08-01T08:32:33Z</time>
      </trkpt>
      <trkpt lat="50.834051286801696" lon="3.604001188650727">
        <ele>10.57</ele>
        <time>2026-08-01T08:32:34Z</time>
      </trkpt>
      <trkpt lat="50.834010215476155" lon="3.604050977155566">
        <ele>10.94</ele>
        <time>2026-08-01T08:32:35Z</time>
      </trkpt>
      <trkpt lat="50.833974173292518" lon="3.604106297716498">
        <ele>11.24</ele>
        <time>2026-08-01T08:32:36Z</time>
      </trkpt>
      <trkpt lat="50.833943327888846" lon="3.604162959381938">
        <ele>11.460000000000001</ele>
        <time>2026-08-01T08:32:37Z</time>
      </trkpt>
      <trkpt lat="50.833918852731586" lon="3.604221716523171">
        <ele>11.59</ele>
        <time>2026-08-01T08:32:38Z</time>
      </trkpt>
      <trkpt lat="50.833901334553957" lon="3.604281395673752">
        <ele>11.75</ele>
        <time>2026-08-01T08:32:39Z</time>
      </trkpt>
      <trkpt lat="50.833890521898866" lon="3.604338224977255">
        <ele>11.81</ele>
        <time>2026-08-01T08:32:40Z</time>
      </trkpt>
      <trkpt lat="50.833885660395026" lon="3.60439077951014">
        <ele>11.800000000000001</ele>
        <time>2026-08-01T08:32:41Z</time>
      </trkpt>
      <trkpt lat="50.833880715072155" lon="3.604437634348869">
        <ele>11.779999999999999</ele>
        <time>2026-08-01T08:32:42Z</time>
      </trkpt>
      <trkpt lat="50.833852719515562" lon="3.604614241048694">
        <ele>11.91</ele>
        <time>2026-08-01T08:32:47Z</time>
      </trkpt>
      <trkpt lat="50.833831932395697" lon="3.604632429778576">
        <ele>12.01</ele>
        <time>2026-08-01T08:32:48Z</time>
      </trkpt>
      <trkpt lat="50.833807792514563" lon="3.60464877448976">
        <ele>11.99</ele>
        <time>2026-08-01T08:32:49Z</time>
      </trkpt>
      <trkpt lat="50.83378273062408" lon="3.604660090059042">
        <ele>12.09</ele>
        <time>2026-08-01T08:32:50Z</time>
      </trkpt>
      <trkpt lat="50.833758590742946" lon="3.604668388143182">
        <ele>11.92</ele>
        <time>2026-08-01T08:32:51Z</time>
      </trkpt>
      <trkpt lat="50.833735624328256" lon="3.604680877178907">
        <ele>12.039999999999999</ele>
        <time>2026-08-01T08:32:52Z</time>
      </trkpt>
      <trkpt lat="50.833713999018073" lon="3.604692695662379">
        <ele>12.19</ele>
        <time>2026-08-01T08:32:53Z</time>
      </trkpt>
      <trkpt lat="50.83361467346549" lon="3.604742484167218">
        <ele>12.050000000000001</ele>
        <time>2026-08-01T08:33:07Z</time>
      </trkpt>
      <trkpt lat="50.833604279905558" lon="3.604747848585248">
        <ele>11.91</ele>
        <time>2026-08-01T08:33:08Z</time>
      </trkpt>
      <trkpt lat="50.833552312105894" lon="3.604731336236">
        <ele>12.210000000000001</ele>
        <time>2026-08-01T08:33:22Z</time>
      </trkpt>
      <trkpt lat="50.833533117547631" lon="3.604716751724482">
        <ele>12.41</ele>
        <time>2026-08-01T08:33:23Z</time>
      </trkpt>
      <trkpt lat="50.833513755351305" lon="3.604698143899441">
        <ele>12.369999999999999</ele>
        <time>2026-08-01T08:33:24Z</time>
      </trkpt>
      <trkpt lat="50.833426080644131" lon="3.604492535814643">
        <ele>12.83</ele>
        <time>2026-08-01T08:33:36Z</time>
      </trkpt>
      <trkpt lat="50.83339917473495" lon="3.604400670155883">
        <ele>12.81</ele>
        <time>2026-08-01T08:33:41Z</time>
      </trkpt>
      <trkpt lat="50.83338744007051" lon="3.60441030934453">
        <ele>12.99</ele>
        <time>2026-08-01T08:33:42Z</time>
      </trkpt>
      <trkpt lat="50.833383332937956" lon="3.604437801986933">
        <ele>13.26</ele>
        <time>2026-08-01T08:33:43Z</time>
      </trkpt>
      <trkpt lat="50.83337964490056" lon="3.60446940176189">
        <ele>13.130000000000001</ele>
        <time>2026-08-01T08:33:44Z</time>
      </trkpt>
      <trkpt lat="50.833371933549643" lon="3.604497229680419">
        <ele>13.199999999999999</ele>
        <time>2026-08-01T08:33:45Z</time>
      </trkpt>
      <trkpt lat="50.833357432857156" lon="3.604519525542855">
        <ele>13.24</ele>
        <time>2026-08-01T08:33:46Z</time>
      </trkpt>
      <trkpt lat="50.833341842517257" lon="3.604531511664391">
        <ele>13.210000000000001</ele>
        <time>2026-08-01T08:33:47Z</time>
      </trkpt>
      <trkpt lat="50.833325497806072" lon="3.604539139196277">
        <ele>13.15</ele>
        <time>2026-08-01T08:33:48Z</time>
      </trkpt>
      <trkpt lat="50.833304794505239" lon="3.604540647938848">
        <ele>13.140000000000001</ele>
        <time>2026-08-01T08:33:49Z</time>
      </trkpt>
      <trkpt lat="50.833284426480532" lon="3.604544755071402">
        <ele>13.23</ele>
        <time>2026-08-01T08:33:50Z</time>
      </trkpt>
      <trkpt lat="50.83326087333262" lon="3.604541486129165">
        <ele>13.16</ele>
        <time>2026-08-01T08:33:51Z</time>
      </trkpt>
      <trkpt lat="50.833130534738302" lon="3.604513155296445">
        <ele>13.359999999999999</ele>
        <time>2026-08-01T08:34:03Z</time>
      </trkpt>
      <trkpt lat="50.83314168266952" lon="3.604514999315143">
        <ele>13.130000000000001</ele>
        <time>2026-08-01T08:34:07Z</time>
      </trkpt>
      <trkpt lat="50.833139168098569" lon="3.604531260207295">
        <ele>13.08</ele>
        <time>2026-08-01T08:34:08Z</time>
      </trkpt>
      <trkpt lat="50.833137575536966" lon="3.604512987658382">
        <ele>13.33</ele>
        <time>2026-08-01T08:34:28Z</time>
      </trkpt>
      <trkpt lat="50.833130283281207" lon="3.604504019021988">
        <ele>13.710000000000001</ele>
        <time>2026-08-01T08:35:48Z</time>
      </trkpt>
      <trkpt lat="50.833125924691558" lon="3.604504354298115">
        <ele>13.869999999999999</ele>
        <time>2026-08-01T08:36:58Z</time>
      </trkpt>
      <trkpt lat="50.833177724853158" lon="3.604493038728833">
        <ele>14</ele>
        <time>2026-08-01T08:37:56Z</time>
      </trkpt>
      <trkpt lat="50.833214186131954" lon="3.604507120326161">
        <ele>13.869999999999999</ele>
        <time>2026-08-01T08:37:59Z</time>
      </trkpt>
      <trkpt lat="50.833230279386044" lon="3.604509048163891">
        <ele>14.08</ele>
        <time>2026-08-01T08:38:00Z</time>
      </trkpt>
      <trkpt lat="50.833383165299892" lon="3.604512149468064">
        <ele>13.970000000000001</ele>
        <time>2026-08-01T08:38:07Z</time>
      </trkpt>
      <trkpt lat="50.833394061774015" lon="3.604483064264059">
        <ele>14.08</ele>
        <time>2026-08-01T08:38:08Z</time>
      </trkpt>
      <trkpt lat="50.833394732326269" lon="3.604447189718485">
        <ele>14.01</ele>
        <time>2026-08-01T08:38:09Z</time>
      </trkpt>
      <trkpt lat="50.833398588001728" lon="3.604416847229004">
        <ele>13.970000000000001</ele>
        <time>2026-08-01T08:38:10Z</time>
      </trkpt>
      <trkpt lat="50.833410657942295" lon="3.604401089251041">
        <ele>13.81</ele>
        <time>2026-08-01T08:38:11Z</time>
      </trkpt>
      <trkpt lat="50.833423063158989" lon="3.604408465325832">
        <ele>13.640000000000001</ele>
        <time>2026-08-01T08:38:12Z</time>
      </trkpt>
      <trkpt lat="50.833429181948304" lon="3.604429420083761">
        <ele>13.5</ele>
        <time>2026-08-01T08:38:13Z</time>
      </trkpt>
      <trkpt lat="50.833434127271175" lon="3.604453392326832">
        <ele>13.68</ele>
        <time>2026-08-01T08:38:14Z</time>
      </trkpt>
      <trkpt lat="50.833436474204063" lon="3.604480214416981">
        <ele>13.609999999999999</ele>
        <time>2026-08-01T08:38:15Z</time>
      </trkpt>
      <trkpt lat="50.833439491689205" lon="3.604504857212305">
        <ele>13.58</ele>
        <time>2026-08-01T08:38:16Z</time>
      </trkpt>
      <trkpt lat="50.833466816693544" lon="3.604694791138172">
        <ele>13.16</ele>
        <time>2026-08-01T08:38:30Z</time>
      </trkpt>
      <trkpt lat="50.833463799208403" lon="3.604710968211293">
        <ele>13.199999999999999</ele>
        <time>2026-08-01T08:38:31Z</time>
      </trkpt>
      <trkpt lat="50.833458099514246" lon="3.60472546890378">
        <ele>13.19</ele>
        <time>2026-08-01T08:38:32Z</time>
      </trkpt>
      <trkpt lat="50.833459524437785" lon="3.604745166376233">
        <ele>13.140000000000001</ele>
        <time>2026-08-01T08:38:33Z</time>
      </trkpt>
      <trkpt lat="50.833471091464162" lon="3.604759583249688">
        <ele>13.32</ele>
        <time>2026-08-01T08:38:34Z</time>
      </trkpt>
      <trkpt lat="50.833487519994378" lon="3.604770228266716">
        <ele>13.33</ele>
        <time>2026-08-01T08:38:35Z</time>
      </trkpt>
      <trkpt lat="50.833502942696214" lon="3.604770731180906">
        <ele>13.289999999999999</ele>
        <time>2026-08-01T08:38:36Z</time>
      </trkpt>
      <trkpt lat="50.833513252437115" lon="3.604769641533494">
        <ele>13.43</ele>
        <time>2026-08-01T08:38:37Z</time>
      </trkpt>
      <trkpt lat="50.833459859713912" lon="3.604717422276735">
        <ele>13.02</ele>
        <time>2026-08-01T08:38:47Z</time>
      </trkpt>
      <trkpt lat="50.833446029573679" lon="3.60473083332181">
        <ele>13.199999999999999</ele>
        <time>2026-08-01T08:38:48Z</time>
      </trkpt>
      <trkpt lat="50.833432618528605" lon="3.604734940454364">
        <ele>13.15</ele>
        <time>2026-08-01T08:38:49Z</time>
      </trkpt>
      <trkpt lat="50.833408730104566" lon="3.604757655411959">
        <ele>13.380000000000001</ele>
        <time>2026-08-01T08:38:51Z</time>
      </trkpt>
      <trkpt lat="50.833418872207403" lon="3.604776933789253">
        <ele>13.43</ele>
        <time>2026-08-01T08:38:52Z</time>
      </trkpt>
      <trkpt lat="50.833437982946634" lon="3.604777352884412">
        <ele>13.67</ele>
        <time>2026-08-01T08:38:53Z</time>
      </trkpt>
      <trkpt lat="50.833459859713912" lon="3.604771820828319">
        <ele>13.6</ele>
        <time>2026-08-01T08:38:54Z</time>
      </trkpt>
      <trkpt lat="50.833483496680856" lon="3.604766456410289">
        <ele>13.5</ele>
        <time>2026-08-01T08:38:55Z</time>
      </trkpt>
      <trkpt lat="50.833504367619753" lon="3.604777855798602">
        <ele>13.49</ele>
        <time>2026-08-01T08:38:56Z</time>
      </trkpt>
      <trkpt lat="50.833519706502557" lon="3.604777939617634">
        <ele>13.57</ele>
        <time>2026-08-01T08:38:57Z</time>
      </trkpt>
      <trkpt lat="50.833527082577348" lon="3.604766372591257">
        <ele>13.44</ele>
        <time>2026-08-01T08:38:58Z</time>
      </trkpt>
      <trkpt lat="50.833519455045462" lon="3.604741562157869">
        <ele>13.5</ele>
        <time>2026-08-01T08:38:59Z</time>
      </trkpt>
      <trkpt lat="50.833505624905229" lon="3.604726055637002">
        <ele>13.34</ele>
        <time>2026-08-01T08:39:00Z</time>
      </trkpt>
      <trkpt lat="50.833483245223761" lon="3.604721445590258">
        <ele>13.289999999999999</ele>
        <time>2026-08-01T08:39:01Z</time>
      </trkpt>
      <trkpt lat="50.833459356799722" lon="3.60472597181797">
        <ele>13.23</ele>
        <time>2026-08-01T08:39:02Z</time>
      </trkpt>
      <trkpt lat="50.83343387581408" lon="3.604726055637002">
        <ele>13.24</ele>
        <time>2026-08-01T08:39:03Z</time>
      </trkpt>
      <trkpt lat="50.832984019070864" lon="3.604902578517795">
        <ele>14.01</ele>
        <time>2026-08-01T08:39:18Z</time>
      </trkpt>
      <trkpt lat="50.832238029688597" lon="3.605231819674373">
        <ele>14.359999999999999</ele>
        <time>2026-08-01T08:39:37Z</time>
      </trkpt>
      <trkpt lat="50.831327838823199" lon="3.605674970895052">
        <ele>15.27</ele>
        <time>2026-08-01T08:39:54Z</time>
      </trkpt>
      <trkpt lat="50.830457545816898" lon="3.60611367970705">
        <ele>15.880000000000001</ele>
        <time>2026-08-01T08:40:13Z</time>
      </trkpt>
      <trkpt lat="50.83042929880321" lon="3.606107141822577">
        <ele>15.83</ele>
        <time>2026-08-01T08:40:15Z</time>
      </trkpt>
      <trkpt lat="50.830420246347785" lon="3.606094820424914">
        <ele>15.68</ele>
        <time>2026-08-01T08:40:16Z</time>
      </trkpt>
      <trkpt lat="50.830413121730089" lon="3.606068752706051">
        <ele>15.83</ele>
        <time>2026-08-01T08:40:29Z</time>
      </trkpt>
      <trkpt lat="50.830409098416567" lon="3.6060506477952">
        <ele>16</ele>
        <time>2026-08-01T08:40:30Z</time>
      </trkpt>
      <trkpt lat="50.830274317413568" lon="3.60549014993012">
        <ele>15.58</ele>
        <time>2026-08-01T08:40:43Z</time>
      </trkpt>
      <trkpt lat="50.830128975212574" lon="3.604771569371223">
        <ele>15</ele>
        <time>2026-08-01T08:40:59Z</time>
      </trkpt>
      <trkpt lat="50.830036187544465" lon="3.604145189747214">
        <ele>14.69</ele>
        <time>2026-08-01T08:41:11Z</time>
      </trkpt>
      <trkpt lat="50.83005253225565" lon="3.604136975482106">
        <ele>14.539999999999999</ele>
        <time>2026-08-01T08:41:12Z</time>
      </trkpt>
      <trkpt lat="50.830070720985532" lon="3.604147285223007">
        <ele>14.220000000000001</ele>
        <time>2026-08-01T08:41:13Z</time>
      </trkpt>
      <trkpt lat="50.830088406801224" lon="3.604165641590953">
        <ele>14.25</ele>
        <time>2026-08-01T08:41:14Z</time>
      </trkpt>
      <trkpt lat="50.83011070266366" lon="3.604171508923173">
        <ele>14.470000000000001</ele>
        <time>2026-08-01T08:41:15Z</time>
      </trkpt>
      <trkpt lat="50.830136854201555" lon="3.60417427495122">
        <ele>14.48</ele>
        <time>2026-08-01T08:41:16Z</time>
      </trkpt>
      <trkpt lat="50.830166526138783" lon="3.604172095656395">
        <ele>14.470000000000001</ele>
        <time>2026-08-01T08:41:17Z</time>
      </trkpt>
      <trkpt lat="50.830525774508715" lon="3.604101352393627">
        <ele>14.33</ele>
        <time>2026-08-01T08:41:27Z</time>
      </trkpt>
      <trkpt lat="50.831234464421868" lon="3.604121385142207">
        <ele>13.6</ele>
        <time>2026-08-01T08:41:45Z</time>
      </trkpt>
      <trkpt lat="50.831299591809511" lon="3.604114931076765">
        <ele>13.44</ele>
        <time>2026-08-01T08:41:48Z</time>
      </trkpt>
      <trkpt lat="50.831312667578459" lon="3.604087019339204">
        <ele>13.77</ele>
        <time>2026-08-01T08:41:49Z</time>
      </trkpt>
      <trkpt lat="50.831316271796823" lon="3.604052318260074">
        <ele>13.640000000000001</ele>
        <time>2026-08-01T08:41:50Z</time>
      </trkpt>
      <trkpt lat="50.831316774711013" lon="3.604014599695802">
        <ele>13.82</ele>
        <time>2026-08-01T08:41:51Z</time>
      </trkpt>
      <trkpt lat="50.831315098330379" lon="3.603971349075437">
        <ele>13.65</ele>
        <time>2026-08-01T08:41:52Z</time>
      </trkpt>
      <trkpt lat="50.831306548789144" lon="3.603926673531532">
        <ele>13.390000000000001</ele>
        <time>2026-08-01T08:41:53Z</time>
      </trkpt>
      <trkpt lat="50.83128928206861" lon="3.603885937482119">
        <ele>13.300000000000001</ele>
        <time>2026-08-01T08:41:54Z</time>
      </trkpt>
      <trkpt lat="50.831261035054922" lon="3.603854086250067">
        <ele>13.25</ele>
        <time>2026-08-01T08:41:55Z</time>
      </trkpt>
      <trkpt lat="50.831224238499999" lon="3.603832544758916">
        <ele>13.210000000000001</ele>
        <time>2026-08-01T08:41:56Z</time>
      </trkpt>
      <trkpt lat="50.831182077527046" lon="3.603828521445394">
        <ele>13.09</ele>
        <time>2026-08-01T08:41:57Z</time>
      </trkpt>
      <trkpt lat="50.831135474145412" lon="3.603829191997647">
        <ele>13.06</ele>
        <time>2026-08-01T08:41:58Z</time>
      </trkpt>
      <trkpt lat="50.831086440011859" lon="3.603824246674776">
        <ele>12.890000000000001</ele>
        <time>2026-08-01T08:41:59Z</time>
      </trkpt>
      <trkpt lat="50.831035394221544" lon="3.6038161162287">
        <ele>12.73</ele>
        <time>2026-08-01T08:42:00Z</time>
      </trkpt>
      <trkpt lat="50.830563995987177" lon="3.603754173964262">
        <ele>11.06</ele>
        <time>2026-08-01T08:42:10Z</time>
      </trkpt>
      <trkpt lat="50.830325363203883" lon="3.60357228666544">
        <ele>10.27</ele>
        <time>2026-08-01T08:42:16Z</time>
      </trkpt>
      <trkpt lat="50.830311365425587" lon="3.603537837043405">
        <ele>10.07</ele>
        <time>2026-08-01T08:42:17Z</time>
      </trkpt>
      <trkpt lat="50.830158730968833" lon="3.603319488465786">
        <ele>9.970000000000001</ele>
        <time>2026-08-01T08:42:22Z</time>
      </trkpt>
      <trkpt lat="50.830126963555813" lon="3.603282440453768">
        <ele>9.890000000000001</ele>
        <time>2026-08-01T08:42:23Z</time>
      </trkpt>
      <trkpt lat="50.830098548904061" lon="3.603241452947259">
        <ele>10.130000000000001</ele>
        <time>2026-08-01T08:42:24Z</time>
      </trkpt>
      <trkpt lat="50.830068122595549" lon="3.603186132386327">
        <ele>10.16</ele>
        <time>2026-08-01T08:42:25Z</time>
      </trkpt>
      <trkpt lat="50.830006934702396" lon="3.603078424930573">
        <ele>10.35</ele>
        <time>2026-08-01T08:42:26Z</time>
      </trkpt>
      <trkpt lat="50.829974161460996" lon="3.603001646697521">
        <ele>10.33</ele>
        <time>2026-08-01T08:42:27Z</time>
      </trkpt>
      <trkpt lat="50.829916745424271" lon="3.602900896221399">
        <ele>10.380000000000001</ele>
        <time>2026-08-01T08:42:28Z</time>
      </trkpt>
      <trkpt lat="50.829831333830953" lon="3.602743232622743">
        <ele>10.84</ele>
        <time>2026-08-01T08:42:29Z</time>
      </trkpt>
      <trkpt lat="50.829721027985215" lon="3.601639252156019">
        <ele>13.4</ele>
        <time>2026-08-01T08:42:45Z</time>
      </trkpt>
      <trkpt lat="50.829624971374869" lon="3.600501911714673">
        <ele>11.41</ele>
        <time>2026-08-01T08:43:00Z</time>
      </trkpt>
      <trkpt lat="50.829576943069696" lon="3.600417170673609">
        <ele>11.42</ele>
        <time>2026-08-01T08:43:02Z</time>
      </trkpt>
      <trkpt lat="50.829542996361852" lon="3.600406190380454">
        <ele>11.33</ele>
        <time>2026-08-01T08:43:03Z</time>
      </trkpt>
      <trkpt lat="50.829507457092404" lon="3.600404765456915">
        <ele>11.199999999999999</ele>
        <time>2026-08-01T08:43:04Z</time>
      </trkpt>
      <trkpt lat="50.829476695507765" lon="3.600414153188467">
        <ele>11.24</ele>
        <time>2026-08-01T08:43:05Z</time>
      </trkpt>
      <trkpt lat="50.829463368281722" lon="3.600448435172439">
        <ele>11.49</ele>
        <time>2026-08-01T08:43:06Z</time>
      </trkpt>
      <trkpt lat="50.829474767670035" lon="3.600478358566761">
        <ele>11.539999999999999</ele>
        <time>2026-08-01T08:43:07Z</time>
      </trkpt>
      <trkpt lat="50.829491447657347" lon="3.600474838167429">
        <ele>11.35</ele>
        <time>2026-08-01T08:43:08Z</time>
      </trkpt>
      <trkpt lat="50.829510390758514" lon="3.600464947521687">
        <ele>11.26</ele>
        <time>2026-08-01T08:43:09Z</time>
      </trkpt>
      <trkpt lat="50.829530842602253" lon="3.600463354960084">
        <ele>11.18</ele>
        <time>2026-08-01T08:43:10Z</time>
      </trkpt>
      <trkpt lat="50.829552132636309" lon="3.600463857874274">
        <ele>11.199999999999999</ele>
        <time>2026-08-01T08:43:11Z</time>
      </trkpt>
      <trkpt lat="50.829629497602582" lon="3.600449189543724">
        <ele>11.24</ele>
        <time>2026-08-01T08:43:15Z</time>
      </trkpt>
      <trkpt lat="50.829637041315436" lon="3.600420774891973">
        <ele>11.42</ele>
        <time>2026-08-01T08:43:16Z</time>
      </trkpt>
      <trkpt lat="50.829607704654336" lon="3.600376015529037">
        <ele>11.15</ele>
        <time>2026-08-01T08:43:18Z</time>
      </trkpt>
      <trkpt lat="50.829579457640648" lon="3.600372411310673">
        <ele>11.210000000000001</ele>
        <time>2026-08-01T08:43:19Z</time>
      </trkpt>
      <trkpt lat="50.829551294445992" lon="3.600380457937717">
        <ele>11.289999999999999</ele>
        <time>2026-08-01T08:43:20Z</time>
      </trkpt>
      <trkpt lat="50.829518018290401" lon="3.600390264764428">
        <ele>11.34</ele>
        <time>2026-08-01T08:43:21Z</time>
      </trkpt>
      <trkpt lat="50.828893650323153" lon="3.600259674713016">
        <ele>11.359999999999999</ele>
        <time>2026-08-01T08:43:36Z</time>
      </trkpt>
      <trkpt lat="50.828205747529864" lon="3.600033782422543">
        <ele>10.73</ele>
        <time>2026-08-01T08:43:53Z</time>
      </trkpt>
      <trkpt lat="50.827658995985985" lon="3.600138472393155">
        <ele>10.65</ele>
        <time>2026-08-01T08:44:07Z</time>
      </trkpt>
      <trkpt lat="50.827296646311879" lon="3.599893804639578">
        <ele>10.630000000000001</ele>
        <time>2026-08-01T08:44:18Z</time>
      </trkpt>
      <trkpt lat="50.826872186735272" lon="3.599548721686006">
        <ele>10.42</ele>
        <time>2026-08-01T08:44:34Z</time>
      </trkpt>
      <trkpt lat="50.826503718271852" lon="3.599208919331431">
        <ele>10.31</ele>
        <time>2026-08-01T08:44:49Z</time>
      </trkpt>
      <trkpt lat="50.826506232842803" lon="3.599175894632936">
        <ele>10.33</ele>
        <time>2026-08-01T08:44:50Z</time>
      </trkpt>
      <trkpt lat="50.826516626402736" lon="3.599138762801886">
        <ele>10.43</ele>
        <time>2026-08-01T08:44:51Z</time>
      </trkpt>
      <trkpt lat="50.826652580872178" lon="3.598624533042312">
        <ele>10.6</ele>
        <time>2026-08-01T08:45:00Z</time>
      </trkpt>
      <trkpt lat="50.826660040766001" lon="3.598551191389561">
        <ele>10.76</ele>
        <time>2026-08-01T08:45:01Z</time>
      </trkpt>
      <trkpt lat="50.826658364385366" lon="3.598475754261017">
        <ele>10.869999999999999</ele>
        <time>2026-08-01T08:45:02Z</time>
      </trkpt>
      <trkpt lat="50.826648473739624" lon="3.598398556932807">
        <ele>10.81</ele>
        <time>2026-08-01T08:45:03Z</time>
      </trkpt>
      <trkpt lat="50.826628860086203" lon="3.598324293270707">
        <ele>10.550000000000001</ele>
        <time>2026-08-01T08:45:04Z</time>
      </trkpt>
      <trkpt lat="50.826600780710578" lon="3.598255226388574">
        <ele>10.58</ele>
        <time>2026-08-01T08:45:05Z</time>
      </trkpt>
      <trkpt lat="50.82656423561275" lon="3.598201498389244">
        <ele>10.44</ele>
        <time>2026-08-01T08:45:06Z</time>
      </trkpt>
      <trkpt lat="50.826524421572685" lon="3.59815732575953">
        <ele>10.49</ele>
        <time>2026-08-01T08:45:07Z</time>
      </trkpt>
      <trkpt lat="50.826487373560667" lon="3.598110135644674">
        <ele>10.49</ele>
        <time>2026-08-01T08:45:08Z</time>
      </trkpt>
      <trkpt lat="50.826453091576695" lon="3.59805908985436">
        <ele>10.44</ele>
        <time>2026-08-01T08:45:09Z</time>
      </trkpt>
      <trkpt lat="50.826417719945312" lon="3.598007541149855">
        <ele>10.58</ele>
        <time>2026-08-01T08:45:10Z</time>
      </trkpt>
      <trkpt lat="50.825699977576733" lon="3.597144540399313">
        <ele>10.359999999999999</ele>
        <time>2026-08-01T08:45:30Z</time>
      </trkpt>
      <trkpt lat="50.825674161314964" lon="3.597178151831031">
        <ele>10.43</ele>
        <time>2026-08-01T08:45:31Z</time>
      </trkpt>
      <trkpt lat="50.825657397508621" lon="3.597228527069092">
        <ele>10.529999999999999</ele>
        <time>2026-08-01T08:45:32Z</time>
      </trkpt>
      <trkpt lat="50.825199661776423" lon="3.597900252789259">
        <ele>10.91</ele>
        <time>2026-08-01T08:45:46Z</time>
      </trkpt>
      <trkpt lat="50.824974691495299" lon="3.598140059038997">
        <ele>11.25</ele>
        <time>2026-08-01T08:45:52Z</time>
      </trkpt>
      <trkpt lat="50.824931440874934" lon="3.598144166171551">
        <ele>11.17</ele>
        <time>2026-08-01T08:45:53Z</time>
      </trkpt>
      <trkpt lat="50.824891962110996" lon="3.598133772611618">
        <ele>11.109999999999999</ele>
        <time>2026-08-01T08:45:54Z</time>
      </trkpt>
      <trkpt lat="50.824512848630548" lon="3.597908718511462">
        <ele>11.140000000000001</ele>
        <time>2026-08-01T08:46:05Z</time>
      </trkpt>
      <trkpt lat="50.823855958878994" lon="3.597243027761579">
        <ele>11.26</ele>
        <time>2026-08-01T08:46:20Z</time>
      </trkpt>
      <trkpt lat="50.822876449674368" lon="3.595948275178671">
        <ele>11.550000000000001</ele>
        <time>2026-08-01T08:46:42Z</time>
      </trkpt>
      <trkpt lat="50.821828963235021" lon="3.594666682183743">
        <ele>11.720000000000001</ele>
        <time>2026-08-01T08:47:05Z</time>
      </trkpt>
      <trkpt lat="50.82107693888247" lon="3.593805441632867">
        <ele>11.539999999999999</ele>
        <time>2026-08-01T08:47:21Z</time>
      </trkpt>
      <trkpt lat="50.82101977430284" lon="3.593777026981115">
        <ele>11.51</ele>
        <time>2026-08-01T08:47:22Z</time>
      </trkpt>
      <trkpt lat="50.820962358266115" lon="3.593766381964088">
        <ele>11.56</ele>
        <time>2026-08-01T08:47:23Z</time>
      </trkpt>
      <trkpt lat="50.820907121524215" lon="3.593770572915673">
        <ele>11.949999999999999</ele>
        <time>2026-08-01T08:47:24Z</time>
      </trkpt>
      <trkpt lat="50.820856830105186" lon="3.593787085264921">
        <ele>12.42</ele>
        <time>2026-08-01T08:47:25Z</time>
      </trkpt>
      <trkpt lat="50.820814585313201" lon="3.593810219317675">
        <ele>12.57</ele>
        <time>2026-08-01T08:47:26Z</time>
      </trkpt>
      <trkpt lat="50.820781392976642" lon="3.593830922618508">
        <ele>12.6</ele>
        <time>2026-08-01T08:47:27Z</time>
      </trkpt>
      <trkpt lat="50.82070603966713" lon="3.593843663111329">
        <ele>12.960000000000001</ele>
        <time>2026-08-01T08:47:30Z</time>
      </trkpt>
      <trkpt lat="50.820691622793674" lon="3.59380703419447">
        <ele>12.880000000000001</ele>
        <time>2026-08-01T08:47:31Z</time>
      </trkpt>
      <trkpt lat="50.820682654157281" lon="3.593757580965757">
        <ele>12.93</ele>
        <time>2026-08-01T08:47:32Z</time>
      </trkpt>
      <trkpt lat="50.820655329152942" lon="3.593640653416514">
        <ele>12.880000000000001</ele>
        <time>2026-08-01T08:47:34Z</time>
      </trkpt>
      <trkpt lat="50.820633117109537" lon="3.593579884618521">
        <ele>12.699999999999999</ele>
        <time>2026-08-01T08:47:35Z</time>
      </trkpt>
      <trkpt lat="50.820248555392027" lon="3.59230893664062">
        <ele>12.619999999999999</ele>
        <time>2026-08-01T08:47:51Z</time>
      </trkpt>
      <trkpt lat="50.81955729983747" lon="3.589984970167279">
        <ele>12.74</ele>
        <time>2026-08-01T08:48:17Z</time>
      </trkpt>
      <trkpt lat="50.81891868263483" lon="3.587846830487251">
        <ele>12.83</ele>
        <time>2026-08-01T08:48:41Z</time>
      </trkpt>
      <trkpt lat="50.818347539752722" lon="3.585959477350116">
        <ele>12.289999999999999</ele>
        <time>2026-08-01T08:49:03Z</time>
      </trkpt>
      <trkpt lat="50.817681681364775" lon="3.583739278838038">
        <ele>12.369999999999999</ele>
        <time>2026-08-01T08:49:29Z</time>
      </trkpt>
      <trkpt lat="50.817086733877659" lon="3.581746648997068">
        <ele>12.01</ele>
        <time>2026-08-01T08:49:52Z</time>
      </trkpt>
      <trkpt lat="50.816510645672679" lon="3.579963566735387">
        <ele>12.08</ele>
        <time>2026-08-01T08:50:13Z</time>
      </trkpt>
      <trkpt lat="50.815972359851003" lon="3.578504947945476">
        <ele>11.99</ele>
        <time>2026-08-01T08:50:32Z</time>
      </trkpt>
      <trkpt lat="50.81554857082665" lon="3.57747707515955">
        <ele>12.01</ele>
        <time>2026-08-01T08:50:46Z</time>
      </trkpt>
      <trkpt lat="50.815154453739524" lon="3.576490357518196">
        <ele>12.16</ele>
        <time>2026-08-01T08:51:01Z</time>
      </trkpt>
      <trkpt lat="50.814508544281125" lon="3.574862675741315">
        <ele>11.56</ele>
        <time>2026-08-01T08:51:24Z</time>
      </trkpt>
      <trkpt lat="50.813937988132238" lon="3.573456527665258">
        <ele>11.19</ele>
        <time>2026-08-01T08:51:45Z</time>
      </trkpt>
      <trkpt lat="50.813866490498185" lon="3.573292074725032">
        <ele>10.779999999999999</ele>
        <time>2026-08-01T08:51:55Z</time>
      </trkpt>
      <trkpt lat="50.813830196857452" lon="3.573271539062262">
        <ele>10.67</ele>
        <time>2026-08-01T08:52:34Z</time>
      </trkpt>
      <trkpt lat="50.813817121088505" lon="3.573296768590808">
        <ele>10.84</ele>
        <time>2026-08-01T08:52:35Z</time>
      </trkpt>
      <trkpt lat="50.813802955672145" lon="3.57332861982286">
        <ele>10.77</ele>
        <time>2026-08-01T08:52:36Z</time>
      </trkpt>
      <trkpt lat="50.813783509656787" lon="3.573364829644561">
        <ele>10.66</ele>
        <time>2026-08-01T08:52:37Z</time>
      </trkpt>
      <trkpt lat="50.813763393089175" lon="3.57340288348496">
        <ele>10.68</ele>
        <time>2026-08-01T08:52:38Z</time>
      </trkpt>
      <trkpt lat="50.813481844961643" lon="3.573958519846201">
        <ele>12.390000000000001</ele>
        <time>2026-08-01T08:52:55Z</time>
      </trkpt>
      <trkpt lat="50.813359720632434" lon="3.574369568377733">
        <ele>15.56</ele>
        <time>2026-08-01T08:53:07Z</time>
      </trkpt>
      <trkpt lat="50.81322418525815" lon="3.574854042381048">
        <ele>18.66</ele>
        <time>2026-08-01T08:53:21Z</time>
      </trkpt>
      <trkpt lat="50.813102228567004" lon="3.575425269082189">
        <ele>21.859999999999999</ele>
        <time>2026-08-01T08:53:37Z</time>
      </trkpt>
      <trkpt lat="50.813139444217086" lon="3.575769178569317">
        <ele>22.140000000000001</ele>
        <time>2026-08-01T08:53:46Z</time>
      </trkpt>
      <trkpt lat="50.813154364004731" lon="3.575772028416395">
        <ele>22.010000000000002</ele>
        <time>2026-08-01T08:53:47Z</time>
      </trkpt>
      <trkpt lat="50.813173390924931" lon="3.575757443904877">
        <ele>20.420000000000002</ele>
        <time>2026-08-01T08:53:53Z</time>
      </trkpt>
      <trkpt lat="50.81317238509655" lon="3.575753169134259">
        <ele>21.649999999999999</ele>
        <time>2026-08-01T08:53:55Z</time>
      </trkpt>
      <trkpt lat="50.813238937407732" lon="3.575731795281172">
        <ele>21.190000000000001</ele>
        <time>2026-08-01T08:54:10Z</time>
      </trkpt>
      <trkpt lat="50.813251258805394" lon="3.575726179406047">
        <ele>21.100000000000001</ele>
        <time>2026-08-01T08:54:11Z</time>
      </trkpt>
      <trkpt lat="50.813260143622756" lon="3.575713858008385">
        <ele>20.969999999999999</ele>
        <time>2026-08-01T08:54:12Z</time>
      </trkpt>
      <trkpt lat="50.813264418393373" lon="3.575698519125581">
        <ele>21.07</ele>
        <time>2026-08-01T08:54:13Z</time>
      </trkpt>
      <trkpt lat="50.81325058825314" lon="3.57569944113493">
        <ele>21.539999999999999</ele>
        <time>2026-08-01T08:54:21Z</time>
      </trkpt>
      <trkpt lat="50.813208678737283" lon="3.575740344822407">
        <ele>21.41</ele>
        <time>2026-08-01T08:54:38Z</time>
      </trkpt>
      <trkpt lat="50.813177330419421" lon="3.575748726725578">
        <ele>21.600000000000001</ele>
        <time>2026-08-01T08:54:42Z</time>
      </trkpt>
      <trkpt lat="50.813070964068174" lon="3.575809830799699">
        <ele>23.239999999999998</ele>
        <time>2026-08-01T08:54:56Z</time>
      </trkpt>
      <trkpt lat="50.813063168898225" lon="3.575795665383339">
        <ele>23.309999999999999</ele>
        <time>2026-08-01T08:55:22Z</time>
      </trkpt>
      <trkpt lat="50.813051266595721" lon="3.575768088921905">
        <ele>22.899999999999999</ele>
        <time>2026-08-01T08:55:43Z</time>
      </trkpt>
      <trkpt lat="50.813077250495553" lon="3.575736489146948">
        <ele>22.640000000000001</ele>
        <time>2026-08-01T08:56:01Z</time>
      </trkpt>
      <trkpt lat="50.813114047050476" lon="3.575694998726249">
        <ele>21.379999999999999</ele>
        <time>2026-08-01T08:56:21Z</time>
      </trkpt>
      <trkpt lat="50.813157465308905" lon="3.57572827488184">
        <ele>21.329999999999998</ele>
        <time>2026-08-01T08:56:25Z</time>
      </trkpt>
      <trkpt lat="50.813167272135615" lon="3.575733471661806">
        <ele>21.190000000000001</ele>
        <time>2026-08-01T08:56:26Z</time>
      </trkpt>
      <trkpt lat="50.813243547454476" lon="3.575687035918236">
        <ele>20.559999999999999</ele>
        <time>2026-08-01T08:56:42Z</time>
      </trkpt>
      <trkpt lat="50.813217479735613" lon="3.575713438913226">
        <ele>20.82</ele>
        <time>2026-08-01T08:57:41Z</time>
      </trkpt>
      <trkpt lat="50.813105497509241" lon="3.575628446415067">
        <ele>21.620000000000001</ele>
        <time>2026-08-01T08:57:54Z</time>
      </trkpt>
      <trkpt lat="50.81309862434864" lon="3.575341533869505">
        <ele>21.390000000000001</ele>
        <time>2026-08-01T08:57:59Z</time>
      </trkpt>
      <trkpt lat="50.813115471974015" lon="3.575193593278527">
        <ele>20.690000000000001</ele>
        <time>2026-08-01T08:58:01Z</time>
      </trkpt>
      <trkpt lat="50.813135588541627" lon="3.575113797560334">
        <ele>20.34</ele>
        <time>2026-08-01T08:58:02Z</time>
      </trkpt>
      <trkpt lat="50.81316014751792" lon="3.575030649080873">
        <ele>20.109999999999999</ele>
        <time>2026-08-01T08:58:03Z</time>
      </trkpt>
      <trkpt lat="50.813330886885524" lon="3.574431594461203">
        <ele>16.850000000000001</ele>
        <time>2026-08-01T08:58:10Z</time>
      </trkpt>
      <trkpt lat="50.813517970964313" lon="3.573882495984435">
        <ele>13.19</ele>
        <time>2026-08-01T08:58:15Z</time>
      </trkpt>
      <trkpt lat="50.813817456364632" lon="3.573306491598487">
        <ele>10.43</ele>
        <time>2026-08-01T08:58:23Z</time>
      </trkpt>
      <trkpt lat="50.813763476908207" lon="3.573027290403843">
        <ele>10.550000000000001</ele>
        <time>2026-08-01T08:58:33Z</time>
      </trkpt>
      <trkpt lat="50.813339268788695" lon="3.571966225281358">
        <ele>10.859999999999999</ele>
        <time>2026-08-01T08:58:49Z</time>
      </trkpt>
      <trkpt lat="50.813172468915582" lon="3.571533719077706">
        <ele>10.449999999999999</ele>
        <time>2026-08-01T08:59:00Z</time>
      </trkpt>
      <trkpt lat="50.813119830563664" lon="3.571506394073367">
        <ele>10.57</ele>
        <time>2026-08-01T08:59:09Z</time>
      </trkpt>
      <trkpt lat="50.813098540529609" lon="3.571517374366522">
        <ele>10.51</ele>
        <time>2026-08-01T08:59:10Z</time>
      </trkpt>
      <trkpt lat="50.813078340142965" lon="3.57154511846602">
        <ele>10.710000000000001</ele>
        <time>2026-08-01T08:59:11Z</time>
      </trkpt>
      <trkpt lat="50.813059564679861" lon="3.571579148992896">
        <ele>10.41</ele>
        <time>2026-08-01T08:59:12Z</time>
      </trkpt>
      <trkpt lat="50.8130350895226" lon="3.57161502353847">
        <ele>10.380000000000001</ele>
        <time>2026-08-01T08:59:13Z</time>
      </trkpt>
      <trkpt lat="50.813009524717927" lon="3.571653831750155">
        <ele>10.43</ele>
        <time>2026-08-01T08:59:14Z</time>
      </trkpt>
      <trkpt lat="50.812841970473528" lon="3.572006793692708">
        <ele>9.960000000000001</ele>
        <time>2026-08-01T08:59:24Z</time>
      </trkpt>
      <trkpt lat="50.812845826148987" lon="3.572028921917081">
        <ele>9.76</ele>
        <time>2026-08-01T08:59:25Z</time>
      </trkpt>
      <trkpt lat="50.812850687652826" lon="3.572049122303724">
        <ele>9.74</ele>
        <time>2026-08-01T08:59:26Z</time>
      </trkpt>
      <trkpt lat="50.812854878604412" lon="3.57206504791975">
        <ele>9.68</ele>
        <time>2026-08-01T08:59:42Z</time>
      </trkpt>
      <trkpt lat="50.812850520014763" lon="3.572057420387864">
        <ele>7.9</ele>
        <time>2026-08-01T09:01:34Z</time>
      </trkpt>
      <trkpt lat="50.812850184738636" lon="3.57205574400723">
        <ele>9.42</ele>
        <time>2026-08-01T09:01:53Z</time>
      </trkpt>
      <trkpt lat="50.812851525843143" lon="3.572071669623256">
        <ele>9.49</ele>
        <time>2026-08-01T09:04:19Z</time>
      </trkpt>
      <trkpt lat="50.812801066786051" lon="3.572071418166161">
        <ele>9.699999999999999</ele>
        <time>2026-08-01T09:04:58Z</time>
      </trkpt>
      <trkpt lat="50.812790086492896" lon="3.572061024606228">
        <ele>9.449999999999999</ele>
        <time>2026-08-01T09:04:59Z</time>
      </trkpt>
      <trkpt lat="50.812775082886219" lon="3.572053648531437">
        <ele>9.390000000000001</ele>
        <time>2026-08-01T09:05:00Z</time>
      </trkpt>
      <trkpt lat="50.812757145613432" lon="3.572051553055644">
        <ele>9.58</ele>
        <time>2026-08-01T09:05:01Z</time>
      </trkpt>
      <trkpt lat="50.812737364321947" lon="3.572057168930769">
        <ele>9.43</ele>
        <time>2026-08-01T09:05:02Z</time>
      </trkpt>
      <trkpt lat="50.812715236097574" lon="3.572058342397213">
        <ele>9.33</ele>
        <time>2026-08-01T09:05:03Z</time>
      </trkpt>
      <trkpt lat="50.812690760940313" lon="3.572060689330101">
        <ele>9.210000000000001</ele>
        <time>2026-08-01T09:05:04Z</time>
      </trkpt>
      <trkpt lat="50.812240904197097" lon="3.572021964937449">
        <ele>9.880000000000001</ele>
        <time>2026-08-01T09:05:19Z</time>
      </trkpt>
      <trkpt lat="50.811569429934025" lon="3.572127325460315">
        <ele>11.83</ele>
        <time>2026-08-01T09:05:35Z</time>
      </trkpt>
      <trkpt lat="50.810769544914365" lon="3.572488753125072">
        <ele>14.69</ele>
        <time>2026-08-01T09:05:55Z</time>
      </trkpt>
      <trkpt lat="50.809929929673672" lon="3.572837524116039">
        <ele>17.260000000000002</ele>
        <time>2026-08-01T09:06:16Z</time>
      </trkpt>
      <trkpt lat="50.8098179474473" lon="3.572775833308697">
        <ele>17.920000000000002</ele>
        <time>2026-08-01T09:06:19Z</time>
      </trkpt>
      <trkpt lat="50.809785090386868" lon="3.572739958763123">
        <ele>17.829999999999998</ele>
        <time>2026-08-01T09:06:20Z</time>
      </trkpt>
      <trkpt lat="50.809753574430943" lon="3.572699055075645">
        <ele>17.789999999999999</ele>
        <time>2026-08-01T09:06:21Z</time>
      </trkpt>
      <trkpt lat="50.809725662693381" lon="3.572652116417885">
        <ele>17.710000000000001</ele>
        <time>2026-08-01T09:06:22Z</time>
      </trkpt>
      <trkpt lat="50.809699175879359" lon="3.572604842483997">
        <ele>17.73</ele>
        <time>2026-08-01T09:06:23Z</time>
      </trkpt>
      <trkpt lat="50.809302628040314" lon="3.57196144759655">
        <ele>17.190000000000001</ele>
        <time>2026-08-01T09:06:36Z</time>
      </trkpt>
      <trkpt lat="50.809262059628963" lon="3.571930350735784">
        <ele>17.079999999999998</ele>
        <time>2026-08-01T09:06:37Z</time>
      </trkpt>
      <trkpt lat="50.809218473732471" lon="3.571906294673681">
        <ele>16.93</ele>
        <time>2026-08-01T09:06:38Z</time>
      </trkpt>
      <trkpt lat="50.809175558388233" lon="3.571910234168172">
        <ele>16.879999999999999</ele>
        <time>2026-08-01T09:06:39Z</time>
      </trkpt>
      <trkpt lat="50.809130547568202" lon="3.571924651041627">
        <ele>17.27</ele>
        <time>2026-08-01T09:06:40Z</time>
      </trkpt>
      <trkpt lat="50.809088135138154" lon="3.571945354342461">
        <ele>17.300000000000001</ele>
        <time>2026-08-01T09:06:41Z</time>
      </trkpt>
      <trkpt lat="50.80904689617455" lon="3.571969578042626">
        <ele>17.350000000000001</ele>
        <time>2026-08-01T09:06:42Z</time>
      </trkpt>
      <trkpt lat="50.809007165953517" lon="3.571994388476014">
        <ele>17.460000000000001</ele>
        <time>2026-08-01T09:06:43Z</time>
      </trkpt>
      <trkpt lat="50.808224882930517" lon="3.572530578821898">
        <ele>18.5</ele>
        <time>2026-08-01T09:07:03Z</time>
      </trkpt>
      <trkpt lat="50.80736112780869" lon="3.572760159149766">
        <ele>20.449999999999999</ele>
        <time>2026-08-01T09:07:23Z</time>
      </trkpt>
      <trkpt lat="50.807319637387991" lon="3.572757560759783">
        <ele>20.5</ele>
        <time>2026-08-01T09:07:24Z</time>
      </trkpt>
      <trkpt lat="50.807278817519546" lon="3.572754794731736">
        <ele>20.469999999999999</ele>
        <time>2026-08-01T09:07:25Z</time>
      </trkpt>
      <trkpt lat="50.806816890835762" lon="3.572507863864303">
        <ele>20.66</ele>
        <time>2026-08-01T09:07:36Z</time>
      </trkpt>
      <trkpt lat="50.806780932471156" lon="3.572466121986508">
        <ele>20.52</ele>
        <time>2026-08-01T09:07:37Z</time>
      </trkpt>
      <trkpt lat="50.806749584153295" lon="3.57241784222424">
        <ele>20.57</ele>
        <time>2026-08-01T09:07:38Z</time>
      </trkpt>
      <trkpt lat="50.806722845882177" lon="3.572363443672657">
        <ele>20.68</ele>
        <time>2026-08-01T09:07:39Z</time>
      </trkpt>
      <trkpt lat="50.806701220571995" lon="3.572303596884012">
        <ele>20.649999999999999</ele>
        <time>2026-08-01T09:07:40Z</time>
      </trkpt>
      <trkpt lat="50.806681020185351" lon="3.572243917733431">
        <ele>20.140000000000001</ele>
        <time>2026-08-01T09:07:41Z</time>
      </trkpt>
      <trkpt lat="50.806252285838127" lon="3.571128034964204">
        <ele>19.550000000000001</ele>
        <time>2026-08-01T09:07:59Z</time>
      </trkpt>
      <trkpt lat="50.806155391037464" lon="3.571012867614627">
        <ele>19.949999999999999</ele>
        <time>2026-08-01T09:08:02Z</time>
      </trkpt>
      <trkpt lat="50.805505542084575" lon="3.570660324767232">
        <ele>19.170000000000002</ele>
        <time>2026-08-01T09:08:17Z</time>
      </trkpt>
      <trkpt lat="50.805420465767384" lon="3.5706084407866">
        <ele>19.109999999999999</ele>
        <time>2026-08-01T09:08:19Z</time>
      </trkpt>
      <trkpt lat="50.805375203490257" lon="3.570616487413645">
        <ele>19.149999999999999</ele>
        <time>2026-08-01T09:08:20Z</time>
      </trkpt>
      <trkpt lat="50.805332874879241" lon="3.570643393322825">
        <ele>19.079999999999998</ele>
        <time>2026-08-01T09:08:21Z</time>
      </trkpt>
      <trkpt lat="50.805292641744018" lon="3.570683039724827">
        <ele>18.77</ele>
        <time>2026-08-01T09:08:22Z</time>
      </trkpt>
      <trkpt lat="50.805254587903619" lon="3.570728972554207">
        <ele>18.649999999999999</ele>
        <time>2026-08-01T09:08:23Z</time>
      </trkpt>
      <trkpt lat="50.805219383910298" lon="3.570779850706458">
        <ele>18.550000000000001</ele>
        <time>2026-08-01T09:08:24Z</time>
      </trkpt>
      <trkpt lat="50.8051847666502" lon="3.57083416543901">
        <ele>18.690000000000001</ele>
        <time>2026-08-01T09:08:25Z</time>
      </trkpt>
      <trkpt lat="50.804540198296309" lon="3.571621477603912">
        <ele>19.879999999999999</ele>
        <time>2026-08-01T09:08:44Z</time>
      </trkpt>
      <trkpt lat="50.803948435932398" lon="3.572432929649949">
        <ele>22.050000000000001</ele>
        <time>2026-08-01T09:09:03Z</time>
      </trkpt>
      <trkpt lat="50.803394978865981" lon="3.573295427486301">
        <ele>24.710000000000001</ele>
        <time>2026-08-01T09:09:23Z</time>
      </trkpt>
      <trkpt lat="50.802753427997231" lon="3.574269488453865">
        <ele>27.399999999999999</ele>
        <time>2026-08-01T09:09:46Z</time>
      </trkpt>
      <trkpt lat="50.802109949290752" lon="3.575285626575351">
        <ele>29.609999999999999</ele>
        <time>2026-08-01T09:10:08Z</time>
      </trkpt>
      <trkpt lat="50.801389776170254" lon="3.575982246547937">
        <ele>26.02</ele>
        <time>2026-08-01T09:10:24Z</time>
      </trkpt>
      <trkpt lat="50.801344178617001" lon="3.57602977193892">
        <ele>25.719999999999999</ele>
        <time>2026-08-01T09:10:25Z</time>
      </trkpt>
      <trkpt lat="50.801108479499817" lon="3.576283827424049">
        <ele>22.59</ele>
        <time>2026-08-01T09:10:32Z</time>
      </trkpt>
      <trkpt lat="50.801056679338217" lon="3.576357839629054">
        <ele>21.879999999999999</ele>
        <time>2026-08-01T09:10:35Z</time>
      </trkpt>
      <trkpt lat="50.801052320748568" lon="3.576384661719203">
        <ele>22</ele>
        <time>2026-08-01T09:10:36Z</time>
      </trkpt>
      <trkpt lat="50.80105441622436" lon="3.576386170461774">
        <ele>21.559999999999999</ele>
        <time>2026-08-01T09:10:47Z</time>
      </trkpt>
      <trkpt lat="50.801079729571939" lon="3.576360438019037">
        <ele>21.489999999999998</ele>
        <time>2026-08-01T09:11:08Z</time>
      </trkpt>
      <trkpt lat="50.801070090383291" lon="3.576349793002009">
        <ele>21.609999999999999</ele>
        <time>2026-08-01T09:11:26Z</time>
      </trkpt>
      <trkpt lat="50.801094984635711" lon="3.57631266117096">
        <ele>21.77</ele>
        <time>2026-08-01T09:13:21Z</time>
      </trkpt>
      <trkpt lat="50.801151394844055" lon="3.576265051960945">
        <ele>22.239999999999998</ele>
        <time>2026-08-01T09:13:32Z</time>
      </trkpt>
      <trkpt lat="50.801159860566258" lon="3.576253820210695">
        <ele>22.5</ele>
        <time>2026-08-01T09:13:33Z</time>
      </trkpt>
      <trkpt lat="50.801277374848723" lon="3.576092049479485">
        <ele>23.920000000000002</ele>
        <time>2026-08-01T09:13:54Z</time>
      </trkpt>
      <trkpt lat="50.801298245787621" lon="3.576076459139586">
        <ele>23.760000000000002</ele>
        <time>2026-08-01T09:13:57Z</time>
      </trkpt>
      <trkpt lat="50.801307717338204" lon="3.576064556837082">
        <ele>23.789999999999999</ele>
        <time>2026-08-01T09:13:58Z</time>
      </trkpt>
      <trkpt lat="50.801325319334865" lon="3.576045278459787">
        <ele>24.140000000000001</ele>
        <time>2026-08-01T09:14:00Z</time>
      </trkpt>
      <trkpt lat="50.801332024857402" lon="3.576033040881157">
        <ele>24.27</ele>
        <time>2026-08-01T09:14:01Z</time>
      </trkpt>
      <trkpt lat="50.80131777562201" lon="3.576017282903194">
        <ele>24.920000000000002</ele>
        <time>2026-08-01T09:14:04Z</time>
      </trkpt>
      <trkpt lat="50.801304448395967" lon="3.576067658141255">
        <ele>24.460000000000001</ele>
        <time>2026-08-01T09:14:08Z</time>
      </trkpt>
      <trkpt lat="50.801289947703481" lon="3.576083751395345">
        <ele>24.34</ele>
        <time>2026-08-01T09:14:09Z</time>
      </trkpt>
      <trkpt lat="50.801270166411996" lon="3.576099760830402">
        <ele>23.920000000000002</ele>
        <time>2026-08-01T09:14:10Z</time>
      </trkpt>
      <trkpt lat="50.801249630749226" lon="3.576121972873807">
        <ele>23.82</ele>
        <time>2026-08-01T09:14:11Z</time>
      </trkpt>
      <trkpt lat="50.801229681819677" lon="3.57614703476429">
        <ele>23.670000000000002</ele>
        <time>2026-08-01T09:14:12Z</time>
      </trkpt>
      <trkpt lat="50.801209397614002" lon="3.576171090826392">
        <ele>23.219999999999999</ele>
        <time>2026-08-01T09:14:13Z</time>
      </trkpt>
      <trkpt lat="50.801051063463092" lon="3.576255664229393">
        <ele>21.859999999999999</ele>
        <time>2026-08-01T09:14:18Z</time>
      </trkpt>
      <trkpt lat="50.801007058471441" lon="3.57623303309083">
        <ele>21.59</ele>
        <time>2026-08-01T09:14:19Z</time>
      </trkpt>
      <trkpt lat="50.800961460918188" lon="3.576203528791666">
        <ele>21.109999999999999</ele>
        <time>2026-08-01T09:14:20Z</time>
      </trkpt>
      <trkpt lat="50.800184542313218" lon="3.575551165267825">
        <ele>19.309999999999999</ele>
        <time>2026-08-01T09:14:35Z</time>
      </trkpt>
      <trkpt lat="50.800146488472819" lon="3.575482852756977">
        <ele>19.510000000000002</ele>
        <time>2026-08-01T09:14:36Z</time>
      </trkpt>
      <trkpt lat="50.800112625584006" lon="3.575407583266497">
        <ele>19.460000000000001</ele>
        <time>2026-08-01T09:14:37Z</time>
      </trkpt>
      <trkpt lat="50.799382561817765" lon="3.574004955589771">
        <ele>18.620000000000001</ele>
        <time>2026-08-01T09:14:55Z</time>
      </trkpt>
      <trkpt lat="50.798872439190745" lon="3.573044557124376">
        <ele>18.109999999999999</ele>
        <time>2026-08-01T09:15:09Z</time>
      </trkpt>
      <trkpt lat="50.798885598778725" lon="3.572996947914362">
        <ele>18.210000000000001</ele>
        <time>2026-08-01T09:15:10Z</time>
      </trkpt>
      <trkpt lat="50.798908732831478" lon="3.572962498292327">
        <ele>18.23</ele>
        <time>2026-08-01T09:15:11Z</time>
      </trkpt>
      <trkpt lat="50.798938572406769" lon="3.572935173287988">
        <ele>17.98</ele>
        <time>2026-08-01T09:15:12Z</time>
      </trkpt>
      <trkpt lat="50.79897235147655" lon="3.572908099740744">
        <ele>17.760000000000002</ele>
        <time>2026-08-01T09:15:13Z</time>
      </trkpt>
      <trkpt lat="50.799487335607409" lon="3.572464780882001">
        <ele>18.289999999999999</ele>
        <time>2026-08-01T09:15:25Z</time>
      </trkpt>
      <trkpt lat="50.799523880705237" lon="3.572418177500367">
        <ele>18.370000000000001</ele>
        <time>2026-08-01T09:15:26Z</time>
      </trkpt>
      <trkpt lat="50.799555983394384" lon="3.572371993213892">
        <ele>18.649999999999999</ele>
        <time>2026-08-01T09:15:27Z</time>
      </trkpt>
      <trkpt lat="50.799721945077181" lon="3.5719433426857">
        <ele>18.489999999999998</ele>
        <time>2026-08-01T09:15:38Z</time>
      </trkpt>
      <trkpt lat="50.799720771610737" lon="3.571929344907403">
        <ele>18.050000000000001</ele>
        <time>2026-08-01T09:15:51Z</time>
      </trkpt>
      <trkpt lat="50.799723118543625" lon="3.571935463696718">
        <ele>17.359999999999999</ele>
        <time>2026-08-01T09:18:09Z</time>
      </trkpt>
      <trkpt lat="50.799698727205396" lon="3.571922974660993">
        <ele>16.969999999999999</ele>
        <time>2026-08-01T09:19:10Z</time>
      </trkpt>
      <trkpt lat="50.799706354737282" lon="3.57210461050272">
        <ele>17.32</ele>
        <time>2026-08-01T09:19:17Z</time>
      </trkpt>
      <trkpt lat="50.79970090650022" lon="3.572141490876675">
        <ele>17.440000000000001</ele>
        <time>2026-08-01T09:19:18Z</time>
      </trkpt>
      <trkpt lat="50.799677520990372" lon="3.57223017141223">
        <ele>17.780000000000001</ele>
        <time>2026-08-01T09:19:21Z</time>
      </trkpt>
      <trkpt lat="50.7992650475353" lon="3.572679441422224">
        <ele>18.010000000000002</ele>
        <time>2026-08-01T09:19:38Z</time>
      </trkpt>
      <trkpt lat="50.798797840252519" lon="3.572940034791827">
        <ele>17.760000000000002</ele>
        <time>2026-08-01T09:19:57Z</time>
      </trkpt>
      <trkpt lat="50.798492152243853" lon="3.572430917993188">
        <ele>17.789999999999999</ele>
        <time>2026-08-01T09:20:09Z</time>
      </trkpt>
      <trkpt lat="50.797806596383452" lon="3.571948120370507">
        <ele>18.219999999999999</ele>
        <time>2026-08-01T09:20:25Z</time>
      </trkpt>
      <trkpt lat="50.797188598662615" lon="3.571615442633629">
        <ele>17.289999999999999</ele>
        <time>2026-08-01T09:20:40Z</time>
      </trkpt>
      <trkpt lat="50.796324592083693" lon="3.571152091026306">
        <ele>17.079999999999998</ele>
        <time>2026-08-01T09:20:58Z</time>
      </trkpt>
      <trkpt lat="50.795808769762516" lon="3.571039186790586">
        <ele>17.379999999999999</ele>
        <time>2026-08-01T09:21:08Z</time>
      </trkpt>
      <trkpt lat="50.795758981257677" lon="3.571012867614627">
        <ele>17.52</ele>
        <time>2026-08-01T09:21:09Z</time>
      </trkpt>
      <trkpt lat="50.794713087379932" lon="3.570389756932855">
        <ele>17.539999999999999</ele>
        <time>2026-08-01T09:21:31Z</time>
      </trkpt>
      <trkpt lat="50.793795436620712" lon="3.570142658427358">
        <ele>18.02</ele>
        <time>2026-08-01T09:21:50Z</time>
      </trkpt>
      <trkpt lat="50.793077861890197" lon="3.570297136902809">
        <ele>18.949999999999999</ele>
        <time>2026-08-01T09:22:05Z</time>
      </trkpt>
      <trkpt lat="50.792425414547324" lon="3.570341058075428">
        <ele>20.98</ele>
        <time>2026-08-01T09:22:20Z</time>
      </trkpt>
      <trkpt lat="50.792338158935308" lon="3.570306776091456">
        <ele>21.289999999999999</ele>
        <time>2026-08-01T09:22:22Z</time>
      </trkpt>
      <trkpt lat="50.791971199214458" lon="3.570107370615006">
        <ele>21.579999999999998</ele>
        <time>2026-08-01T09:22:30Z</time>
      </trkpt>
      <trkpt lat="50.791745893657207" lon="3.569889524951577">
        <ele>21.510000000000002</ele>
        <time>2026-08-01T09:22:35Z</time>
      </trkpt>
      <trkpt lat="50.791711276397109" lon="3.56982808560133">
        <ele>21.379999999999999</ele>
        <time>2026-08-01T09:22:36Z</time>
      </trkpt>
      <trkpt lat="50.791682777926326" lon="3.569763880223036">
        <ele>21.550000000000001</ele>
        <time>2026-08-01T09:22:37Z</time>
      </trkpt>
      <trkpt lat="50.791664170101285" lon="3.569687940180302">
        <ele>21.350000000000001</ele>
        <time>2026-08-01T09:22:38Z</time>
      </trkpt>
      <trkpt lat="50.79165218397975" lon="3.569607976824045">
        <ele>21.289999999999999</ele>
        <time>2026-08-01T09:22:39Z</time>
      </trkpt>
      <trkpt lat="50.791636761277914" lon="3.569530192762613">
        <ele>21.440000000000001</ele>
        <time>2026-08-01T09:22:40Z</time>
      </trkpt>
      <trkpt lat="50.791615638881922" lon="3.569454168900847">
        <ele>21.399999999999999</ele>
        <time>2026-08-01T09:22:41Z</time>
      </trkpt>
      <trkpt lat="50.791591666638851" lon="3.569379737600684">
        <ele>21.379999999999999</ele>
        <time>2026-08-01T09:22:42Z</time>
      </trkpt>
      <trkpt lat="50.791562497615814" lon="3.569311928004026">
        <ele>21.350000000000001</ele>
        <time>2026-08-01T09:22:43Z</time>
      </trkpt>
      <trkpt lat="50.791529389098287" lon="3.569250991567969">
        <ele>21.280000000000001</ele>
        <time>2026-08-01T09:22:44Z</time>
      </trkpt>
      <trkpt lat="50.791490664705634" lon="3.56919776648283">
        <ele>21.280000000000001</ele>
        <time>2026-08-01T09:22:45Z</time>
      </trkpt>
      <trkpt lat="50.79144841991365" lon="3.569151917472482">
        <ele>21.32</ele>
        <time>2026-08-01T09:22:46Z</time>
      </trkpt>
      <trkpt lat="50.791405588388443" lon="3.569108666852117">
        <ele>21.16</ele>
        <time>2026-08-01T09:22:47Z</time>
      </trkpt>
      <trkpt lat="50.791316069662571" lon="3.569036750122905">
        <ele>21.280000000000001</ele>
        <time>2026-08-01T09:22:49Z</time>
      </trkpt>
      <trkpt lat="50.791269885376096" lon="3.569012358784676">
        <ele>21.239999999999998</ele>
        <time>2026-08-01T09:22:50Z</time>
      </trkpt>
      <trkpt lat="50.791224455460906" lon="3.568995427340269">
        <ele>21.300000000000001</ele>
        <time>2026-08-01T09:22:51Z</time>
      </trkpt>
      <trkpt lat="50.790837882086635" lon="3.569132722914219">
        <ele>22.600000000000001</ele>
        <time>2026-08-01T09:23:02Z</time>
      </trkpt>
      <trkpt lat="50.790063478052616" lon="3.570007123053074">
        <ele>24.949999999999999</ele>
        <time>2026-08-01T09:23:25Z</time>
      </trkpt>
      <trkpt lat="50.789305167272687" lon="3.570844726637006">
        <ele>27.48</ele>
        <time>2026-08-01T09:23:48Z</time>
      </trkpt>
      <trkpt lat="50.78901163302362" lon="3.570967689156532">
        <ele>28.75</ele>
        <time>2026-08-01T09:24:01Z</time>
      </trkpt>
      <trkpt lat="50.789008364081383" lon="3.570950254797936">
        <ele>28.609999999999999</ele>
        <time>2026-08-01T09:24:02Z</time>
      </trkpt>
      <trkpt lat="50.789003670215607" lon="3.570931479334831">
        <ele>28.890000000000001</ele>
        <time>2026-08-01T09:24:03Z</time>
      </trkpt>
      <trkpt lat="50.788992857560515" lon="3.570922175422311">
        <ele>28.780000000000001</ele>
        <time>2026-08-01T09:24:04Z</time>
      </trkpt>
      <trkpt lat="50.788987660780549" lon="3.570919241756201">
        <ele>28.370000000000001</ele>
        <time>2026-08-01T09:24:21Z</time>
      </trkpt>
      <trkpt lat="50.788988247513771" lon="3.570922678336501">
        <ele>28.370000000000001</ele>
        <time>2026-08-01T09:26:59Z</time>
      </trkpt>
      <trkpt lat="50.788986822590232" lon="3.570937179028988">
        <ele>29.02</ele>
        <time>2026-08-01T09:29:31Z</time>
      </trkpt>
      <trkpt lat="50.788980787619948" lon="3.570937681943178">
        <ele>28.969999999999999</ele>
        <time>2026-08-01T09:31:35Z</time>
      </trkpt>
      <trkpt lat="50.788977853953838" lon="3.570934580639005">
        <ele>28.949999999999999</ele>
        <time>2026-08-01T09:31:36Z</time>
      </trkpt>
      <trkpt lat="50.788963437080383" lon="3.570939023047686">
        <ele>28.899999999999999</ele>
        <time>2026-08-01T09:31:37Z</time>
      </trkpt>
      <trkpt lat="50.788922281935811" lon="3.570976573973894">
        <ele>29.140000000000001</ele>
        <time>2026-08-01T09:31:39Z</time>
      </trkpt>
      <trkpt lat="50.788896884769201" lon="3.571001384407282">
        <ele>29.32</ele>
        <time>2026-08-01T09:31:40Z</time>
      </trkpt>
      <trkpt lat="50.788864782080054" lon="3.571013621985912">
        <ele>29.57</ele>
        <time>2026-08-01T09:31:41Z</time>
      </trkpt>
      <trkpt lat="50.788669567555189" lon="3.571038097143173">
        <ele>29.489999999999998</ele>
        <time>2026-08-01T09:31:46Z</time>
      </trkpt>
      <trkpt lat="50.787823246791959" lon="3.571173548698425">
        <ele>31.800000000000001</ele>
        <time>2026-08-01T09:32:04Z</time>
      </trkpt>
      <trkpt lat="50.78662765212357" lon="3.571442440152168">
        <ele>34.020000000000003</ele>
        <time>2026-08-01T09:32:27Z</time>
      </trkpt>
      <trkpt lat="50.785610675811768" lon="3.57171175070107">
        <ele>35.939999999999998</ele>
        <time>2026-08-01T09:32:46Z</time>
      </trkpt>
      <trkpt lat="50.784760499373078" lon="3.571817865595222">
        <ele>37.609999999999999</ele>
        <time>2026-08-01T09:33:02Z</time>
      </trkpt>
      <trkpt lat="50.78359859995544" lon="3.571940828114748">
        <ele>39.310000000000002</ele>
        <time>2026-08-01T09:33:25Z</time>
      </trkpt>
      <trkpt lat="50.783528527244925" lon="3.571925824508071">
        <ele>39.450000000000003</ele>
        <time>2026-08-01T09:33:33Z</time>
      </trkpt>
      <trkpt lat="50.783510422334075" lon="3.571898834779859">
        <ele>38.710000000000001</ele>
        <time>2026-08-01T09:34:01Z</time>
      </trkpt>
      <trkpt lat="50.783508745953441" lon="3.571841837838292">
        <ele>38.659999999999997</ele>
        <time>2026-08-01T09:34:03Z</time>
      </trkpt>
      <trkpt lat="50.783531041815877" lon="3.571039270609617">
        <ele>35.75</ele>
        <time>2026-08-01T09:34:17Z</time>
      </trkpt>
      <trkpt lat="50.78351704403758" lon="3.570183478295803">
        <ele>32.68</ele>
        <time>2026-08-01T09:34:25Z</time>
      </trkpt>
      <trkpt lat="50.783552918583155" lon="3.569719372317195">
        <ele>31.739999999999998</ele>
        <time>2026-08-01T09:34:29Z</time>
      </trkpt>
      <trkpt lat="50.783578064292669" lon="3.569610575214028">
        <ele>31.75</ele>
        <time>2026-08-01T09:34:30Z</time>
      </trkpt>
      <trkpt lat="50.78361326828599" lon="3.56951049529016">
        <ele>31.59</ele>
        <time>2026-08-01T09:34:31Z</time>
      </trkpt>
      <trkpt lat="50.783654591068625" lon="3.569418378174305">
        <ele>31.579999999999998</ele>
        <time>2026-08-01T09:34:32Z</time>
      </trkpt>
      <trkpt lat="50.783705553039908" lon="3.56934042647481">
        <ele>31.579999999999998</ele>
        <time>2026-08-01T09:34:33Z</time>
      </trkpt>
      <trkpt lat="50.783760873600841" lon="3.569276891648769">
        <ele>31.43</ele>
        <time>2026-08-01T09:34:34Z</time>
      </trkpt>
      <trkpt lat="50.783814853057265" lon="3.569215284660459">
        <ele>31.260000000000002</ele>
        <time>2026-08-01T09:34:35Z</time>
      </trkpt>
      <trkpt lat="50.783936893567443" lon="3.569024428725243">
        <ele>31.120000000000001</ele>
        <time>2026-08-01T09:34:38Z</time>
      </trkpt>
      <trkpt lat="50.783960530534387" lon="3.568954523652792">
        <ele>31.140000000000001</ele>
        <time>2026-08-01T09:34:39Z</time>
      </trkpt>
      <trkpt lat="50.783967990428209" lon="3.568877996876836">
        <ele>31.27</ele>
        <time>2026-08-01T09:34:40Z</time>
      </trkpt>
      <trkpt lat="50.783964050933719" lon="3.568803565576673">
        <ele>31.350000000000001</ele>
        <time>2026-08-01T09:34:41Z</time>
      </trkpt>
      <trkpt lat="50.783953573554754" lon="3.568730894476175">
        <ele>31.23</ele>
        <time>2026-08-01T09:34:42Z</time>
      </trkpt>
      <trkpt lat="50.783937899395823" lon="3.568658391013742">
        <ele>31.219999999999999</ele>
        <time>2026-08-01T09:34:43Z</time>
      </trkpt>
      <trkpt lat="50.783919878304005" lon="3.568587563931942">
        <ele>31.41</ele>
        <time>2026-08-01T09:34:44Z</time>
      </trkpt>
      <trkpt lat="50.783723657950759" lon="3.567814836278558">
        <ele>32.700000000000003</ele>
        <time>2026-08-01T09:34:55Z</time>
      </trkpt>
      <trkpt lat="50.783229460939765" lon="3.566850749775767">
        <ele>34.840000000000003</ele>
        <time>2026-08-01T09:35:13Z</time>
      </trkpt>
      <trkpt lat="50.782560249790549" lon="3.565577287226915">
        <ele>36.82</ele>
        <time>2026-08-01T09:35:36Z</time>
      </trkpt>
      <trkpt lat="50.782266044989228" lon="3.564729960635305">
        <ele>38.109999999999999</ele>
        <time>2026-08-01T09:35:51Z</time>
      </trkpt>
      <trkpt lat="50.782140484079719" lon="3.563765035942197">
        <ele>40.399999999999999</ele>
        <time>2026-08-01T09:36:08Z</time>
      </trkpt>
      <trkpt lat="50.781888943165541" lon="3.562906729057431">
        <ele>42.950000000000003</ele>
        <time>2026-08-01T09:36:25Z</time>
      </trkpt>
      <trkpt lat="50.781565234065056" lon="3.562180520966649">
        <ele>46.049999999999997</ele>
        <time>2026-08-01T09:36:41Z</time>
      </trkpt>
      <trkpt lat="50.78123171813786" lon="3.561512818560004">
        <ele>49.149999999999999</ele>
        <time>2026-08-01T09:36:56Z</time>
      </trkpt>
      <trkpt lat="50.7808808516711" lon="3.561018034815788">
        <ele>52.270000000000003</ele>
        <time>2026-08-01T09:37:09Z</time>
      </trkpt>
      <trkpt lat="50.780490171164274" lon="3.560454854741693">
        <ele>53.799999999999997</ele>
        <time>2026-08-01T09:37:25Z</time>
      </trkpt>
      <trkpt lat="50.780517747625709" lon="3.559909192845225">
        <ele>55.75</ele>
        <time>2026-08-01T09:37:35Z</time>
      </trkpt>
      <trkpt lat="50.780597627162933" lon="3.55900838971138">
        <ele>58.789999999999999</ele>
        <time>2026-08-01T09:37:50Z</time>
      </trkpt>
      <trkpt lat="50.780615983530879" lon="3.558471025899053">
        <ele>61.810000000000002</ele>
        <time>2026-08-01T09:38:00Z</time>
      </trkpt>
      <trkpt lat="50.780665939673781" lon="3.558087637647986">
        <ele>65.150000000000006</ele>
        <time>2026-08-01T09:38:08Z</time>
      </trkpt>
      <trkpt lat="50.780801055952907" lon="3.557792343199253">
        <ele>68.359999999999999</ele>
        <time>2026-08-01T09:38:16Z</time>
      </trkpt>
      <trkpt lat="50.781166171655059" lon="3.557177530601621">
        <ele>71.400000000000006</ele>
        <time>2026-08-01T09:38:34Z</time>
      </trkpt>
      <trkpt lat="50.781106324866414" lon="3.556339759379625">
        <ele>74.510000000000005</ele>
        <time>2026-08-01T09:38:51Z</time>
      </trkpt>
      <trkpt lat="50.781081346794963" lon="3.555615395307541">
        <ele>77.599999999999994</ele>
        <time>2026-08-01T09:39:05Z</time>
      </trkpt>
      <trkpt lat="50.781285194680095" lon="3.55496252886951">
        <ele>80.75</ele>
        <time>2026-08-01T09:39:18Z</time>
      </trkpt>
      <trkpt lat="50.781462388113141" lon="3.554269261658192">
        <ele>81.680000000000007</ele>
        <time>2026-08-01T09:39:36Z</time>
      </trkpt>
      <trkpt lat="50.781417293474078" lon="3.554223831743002">
        <ele>81.760000000000005</ele>
        <time>2026-08-01T09:39:46Z</time>
      </trkpt>
      <trkpt lat="50.781398769468069" lon="3.554218467324972">
        <ele>81.840000000000003</ele>
        <time>2026-08-01T09:39:47Z</time>
      </trkpt>
      <trkpt lat="50.781134823337197" lon="3.554177395999432">
        <ele>82.5</ele>
        <time>2026-08-01T09:40:03Z</time>
      </trkpt>
      <trkpt lat="50.780879342928529" lon="3.554155435413122">
        <ele>82.980000000000004</ele>
        <time>2026-08-01T09:40:16Z</time>
      </trkpt>
      <trkpt lat="50.780472485348582" lon="3.554100282490253">
        <ele>83.969999999999999</ele>
        <time>2026-08-01T09:40:32Z</time>
      </trkpt>
      <trkpt lat="50.779847195371985" lon="3.554026186466217">
        <ele>85.299999999999997</ele>
        <time>2026-08-01T09:40:52Z</time>
      </trkpt>
      <trkpt lat="50.779520133510232" lon="3.553933566436172">
        <ele>86.230000000000004</ele>
        <time>2026-08-01T09:41:03Z</time>
      </trkpt>
      <trkpt lat="50.779508566483855" lon="3.553950162604451">
        <ele>86.409999999999997</ele>
        <time>2026-08-01T09:41:04Z</time>
      </trkpt>
      <trkpt lat="50.779503956437111" lon="3.553967429324985">
        <ele>86.239999999999995</ele>
        <time>2026-08-01T09:41:05Z</time>
      </trkpt>
      <trkpt lat="50.779503453522921" lon="3.553980588912964">
        <ele>86.579999999999998</ele>
        <time>2026-08-01T09:41:17Z</time>
      </trkpt>
      <trkpt lat="50.779507644474506" lon="3.553980085998774">
        <ele>86.459999999999994</ele>
        <time>2026-08-01T09:41:55Z</time>
      </trkpt>
      <trkpt lat="50.77951367944479" lon="3.553982432931662">
        <ele>86.640000000000001</ele>
        <time>2026-08-01T09:43:43Z</time>
      </trkpt>
      <trkpt lat="50.779514936730266" lon="3.553984863683581">
        <ele>86.079999999999998</ele>
        <time>2026-08-01T09:45:22Z</time>
      </trkpt>
      <trkpt lat="50.779532454907894" lon="3.553953096270561">
        <ele>86.260000000000005</ele>
        <time>2026-08-01T09:46:21Z</time>
      </trkpt>
      <trkpt lat="50.779530359432101" lon="3.553935578092933">
        <ele>86.170000000000002</ele>
        <time>2026-08-01T09:46:22Z</time>
      </trkpt>
      <trkpt lat="50.779494987800717" lon="3.553882939741015">
        <ele>85.959999999999994</ele>
        <time>2026-08-01T09:46:27Z</time>
      </trkpt>
      <trkpt lat="50.77947654761374" lon="3.553868355229497">
        <ele>85.950000000000003</ele>
        <time>2026-08-01T09:46:28Z</time>
      </trkpt>
      <trkpt lat="50.779456431046128" lon="3.553856872022152">
        <ele>85.920000000000002</ele>
        <time>2026-08-01T09:46:29Z</time>
      </trkpt>
      <trkpt lat="50.779431955888867" lon="3.553846729919314">
        <ele>85.930000000000007</ele>
        <time>2026-08-01T09:46:30Z</time>
      </trkpt>
      <trkpt lat="50.779405888170004" lon="3.553834827616811">
        <ele>85.930000000000007</ele>
        <time>2026-08-01T09:46:31Z</time>
      </trkpt>
      <trkpt lat="50.778988469392061" lon="3.553605247288942">
        <ele>85.680000000000007</ele>
        <time>2026-08-01T09:46:46Z</time>
      </trkpt>
      <trkpt lat="50.778349433094263" lon="3.55324842967093">
        <ele>84.879999999999995</ele>
        <time>2026-08-01T09:47:06Z</time>
      </trkpt>
      <trkpt lat="50.777776697650552" lon="3.552893036976457">
        <ele>83.810000000000002</ele>
        <time>2026-08-01T09:47:22Z</time>
      </trkpt>
      <trkpt lat="50.777035485953093" lon="3.552465476095676">
        <ele>82.920000000000002</ele>
        <time>2026-08-01T09:47:42Z</time>
      </trkpt>
      <trkpt lat="50.776714123785496" lon="3.552145371213555">
        <ele>82.680000000000007</ele>
        <time>2026-08-01T09:47:53Z</time>
      </trkpt>
      <trkpt lat="50.776511030271649" lon="3.551936661824584">
        <ele>82.689999999999998</ele>
        <time>2026-08-01T09:47:59Z</time>
      </trkpt>
      <trkpt lat="50.775741655379534" lon="3.551476998254657">
        <ele>83.739999999999995</ele>
        <time>2026-08-01T09:48:18Z</time>
      </trkpt>
      <trkpt lat="50.774617558345199" lon="3.550821784883738">
        <ele>84.939999999999998</ele>
        <time>2026-08-01T09:48:43Z</time>
      </trkpt>
      <trkpt lat="50.774519070982933" lon="3.550792867317796">
        <ele>84.969999999999999</ele>
        <time>2026-08-01T09:48:45Z</time>
      </trkpt>
      <trkpt lat="50.774470372125506" lon="3.550803177058697">
        <ele>84.890000000000001</ele>
        <time>2026-08-01T09:48:46Z</time>
      </trkpt>
      <trkpt lat="50.774425277486444" lon="3.550827652215958">
        <ele>85.040000000000006</ele>
        <time>2026-08-01T09:48:47Z</time>
      </trkpt>
      <trkpt lat="50.774383619427681" lon="3.550855983048677">
        <ele>85.290000000000006</ele>
        <time>2026-08-01T09:48:48Z</time>
      </trkpt>
      <trkpt lat="50.774343721568584" lon="3.550888169556856">
        <ele>85.230000000000004</ele>
        <time>2026-08-01T09:48:49Z</time>
      </trkpt>
      <trkpt lat="50.774306338280439" lon="3.550924630835652">
        <ele>85.530000000000001</ele>
        <time>2026-08-01T09:48:50Z</time>
      </trkpt>
      <trkpt lat="50.774269793182611" lon="3.550961930304766">
        <ele>85.590000000000003</ele>
        <time>2026-08-01T09:48:51Z</time>
      </trkpt>
      <trkpt lat="50.773492287844419" lon="3.551746224984527">
        <ele>86.629999999999995</ele>
        <time>2026-08-01T09:49:12Z</time>
      </trkpt>
      <trkpt lat="50.772533649578691" lon="3.552716765552759">
        <ele>83.239999999999995</ele>
        <time>2026-08-01T09:49:31Z</time>
      </trkpt>
      <trkpt lat="50.772289065644145" lon="3.552902927622199">
        <ele>82.099999999999994</ele>
        <time>2026-08-01T09:49:35Z</time>
      </trkpt>
      <trkpt lat="50.772219328209758" lon="3.552910974249244">
        <ele>81.859999999999999</ele>
        <time>2026-08-01T09:49:36Z</time>
      </trkpt>
      <trkpt lat="50.772148920223117" lon="3.55289513245225">
        <ele>81.620000000000005</ele>
        <time>2026-08-01T09:49:37Z</time>
      </trkpt>
      <trkpt lat="50.772083960473537" lon="3.55285070836544">
        <ele>81.209999999999994</ele>
        <time>2026-08-01T09:49:38Z</time>
      </trkpt>
      <trkpt lat="50.772025287151337" lon="3.552787508815527">
        <ele>80.939999999999998</ele>
        <time>2026-08-01T09:49:39Z</time>
      </trkpt>
      <trkpt lat="50.771972062066197" lon="3.55271534062922">
        <ele>80.730000000000004</ele>
        <time>2026-08-01T09:49:40Z</time>
      </trkpt>
      <trkpt lat="50.771923195570707" lon="3.552639065310359">
        <ele>80.510000000000005</ele>
        <time>2026-08-01T09:49:41Z</time>
      </trkpt>
      <trkpt lat="50.771877178922296" lon="3.552560023963451">
        <ele>80.510000000000005</ele>
        <time>2026-08-01T09:49:42Z</time>
      </trkpt>
      <trkpt lat="50.771319949999452" lon="3.551644049584866">
        <ele>81.900000000000006</ele>
        <time>2026-08-01T09:49:57Z</time>
      </trkpt>
      <trkpt lat="50.770837487652898" lon="3.550735032185912">
        <ele>83.849999999999994</ele>
        <time>2026-08-01T09:50:15Z</time>
      </trkpt>
      <trkpt lat="50.770727684721351" lon="3.55045641772449">
        <ele>84.650000000000006</ele>
        <time>2026-08-01T09:50:20Z</time>
      </trkpt>
      <trkpt lat="50.770241282880306" lon="3.549520578235388">
        <ele>86.640000000000001</ele>
        <time>2026-08-01T09:50:39Z</time>
      </trkpt>
      <trkpt lat="50.769786983728409" lon="3.548927893862128">
        <ele>89.689999999999998</ele>
        <time>2026-08-01T09:50:54Z</time>
      </trkpt>
      <trkpt lat="50.769304018467665" lon="3.547977050766349">
        <ele>92.760000000000005</ele>
        <time>2026-08-01T09:51:13Z</time>
      </trkpt>
      <trkpt lat="50.769109893590212" lon="3.547655353322625">
        <ele>94.040000000000006</ele>
        <time>2026-08-01T09:51:20Z</time>
      </trkpt>
      <trkpt lat="50.769075192511082" lon="3.547621825709939">
        <ele>94.290000000000006</ele>
        <time>2026-08-01T09:51:21Z</time>
      </trkpt>
      <trkpt lat="50.768891461193562" lon="3.547499030828476">
        <ele>95.090000000000003</ele>
        <time>2026-08-01T09:51:26Z</time>
      </trkpt>
      <trkpt lat="50.768277067691088" lon="3.547058226540685">
        <ele>98.150000000000006</ele>
        <time>2026-08-01T09:51:43Z</time>
      </trkpt>
      <trkpt lat="50.767601486295462" lon="3.54633335955441">
        <ele>101.28</ele>
        <time>2026-08-01T09:52:04Z</time>
      </trkpt>
      <trkpt lat="50.766981393098831" lon="3.545546131208539">
        <ele>104.38</ele>
        <time>2026-08-01T09:52:24Z</time>
      </trkpt>
      <trkpt lat="50.766943087801337" lon="3.545525260269642">
        <ele>104.54000000000001</ele>
        <time>2026-08-01T09:52:25Z</time>
      </trkpt>
      <trkpt lat="50.766904028132558" lon="3.545508999377489">
        <ele>104.5</ele>
        <time>2026-08-01T09:52:26Z</time>
      </trkpt>
      <trkpt lat="50.766242276877165" lon="3.545038271695375">
        <ele>107.38</ele>
        <time>2026-08-01T09:52:46Z</time>
      </trkpt>
      <trkpt lat="50.76598503626883" lon="3.544444078579545">
        <ele>110.52</ele>
        <time>2026-08-01T09:53:00Z</time>
      </trkpt>
      <trkpt lat="50.765932397916913" lon="3.544379118829966">
        <ele>110.53</ele>
        <time>2026-08-01T09:53:10Z</time>
      </trkpt>
      <trkpt lat="50.7659019716084" lon="3.544334527105093">
        <ele>110.70999999999999</ele>
        <time>2026-08-01T09:53:12Z</time>
      </trkpt>
      <trkpt lat="50.765662332996726" lon="3.543909648433328">
        <ele>111.56</ele>
        <time>2026-08-01T09:53:24Z</time>
      </trkpt>
      <trkpt lat="50.76548564247787" lon="3.543097274377942">
        <ele>113.19</ele>
        <time>2026-08-01T09:53:41Z</time>
      </trkpt>
      <trkpt lat="50.765366367995739" lon="3.542598048225045">
        <ele>114.09999999999999</ele>
        <time>2026-08-01T09:53:55Z</time>
      </trkpt>
      <trkpt lat="50.765182888135314" lon="3.541731527075172">
        <ele>115.98999999999999</ele>
        <time>2026-08-01T09:54:12Z</time>
      </trkpt>
      <trkpt lat="50.764994798228145" lon="3.540837178006768">
        <ele>117.95999999999999</ele>
        <time>2026-08-01T09:54:28Z</time>
      </trkpt>
      <trkpt lat="50.764835458248854" lon="3.540108874440193">
        <ele>119.23999999999999</ele>
        <time>2026-08-01T09:54:40Z</time>
      </trkpt>
      <trkpt lat="50.76481475494802" lon="3.539969483390451">
        <ele>119.70999999999999</ele>
        <time>2026-08-01T09:54:42Z</time>
      </trkpt>
      <trkpt lat="50.76464912854135" lon="3.539149984717369">
        <ele>121.58</ele>
        <time>2026-08-01T09:54:56Z</time>
      </trkpt>
      <trkpt lat="50.764587856829166" lon="3.538106689229608">
        <ele>120.28</ele>
        <time>2026-08-01T09:55:15Z</time>
      </trkpt>
      <trkpt lat="50.764608643949032" lon="3.53726296685636">
        <ele>119.94</ele>
        <time>2026-08-01T09:55:30Z</time>
      </trkpt>
      <trkpt lat="50.764725487679243" lon="3.53585765697062">
        <ele>120.34</ele>
        <time>2026-08-01T09:55:51Z</time>
      </trkpt>
      <trkpt lat="50.764833698049188" lon="3.534127296879888">
        <ele>118.31999999999999</ele>
        <time>2026-08-01T09:56:15Z</time>
      </trkpt>
      <trkpt lat="50.764941992238164" lon="3.53325323201716">
        <ele>116.98</ele>
        <time>2026-08-01T09:56:27Z</time>
      </trkpt>
      <trkpt lat="50.764960432425141" lon="3.533204784616828">
        <ele>116.93000000000001</ele>
        <time>2026-08-01T09:56:28Z</time>
      </trkpt>
      <trkpt lat="50.764978034421802" lon="3.533168490976095">
        <ele>117</ele>
        <time>2026-08-01T09:56:29Z</time>
      </trkpt>
      <trkpt lat="50.764995217323303" lon="3.533136723563075">
        <ele>116.91</ele>
        <time>2026-08-01T09:56:30Z</time>
      </trkpt>
      <trkpt lat="50.765013070777059" lon="3.53310763835907">
        <ele>116.8</ele>
        <time>2026-08-01T09:56:31Z</time>
      </trkpt>
      <trkpt lat="50.765034947544336" lon="3.533085258677602">
        <ele>116.55</ele>
        <time>2026-08-01T09:56:32Z</time>
      </trkpt>
      <trkpt lat="50.765060260891914" lon="3.533070590347052">
        <ele>116.26000000000001</ele>
        <time>2026-08-01T09:56:33Z</time>
      </trkpt>
      <trkpt lat="50.765085658058524" lon="3.533062292262912">
        <ele>116.14</ele>
        <time>2026-08-01T09:56:34Z</time>
      </trkpt>
      <trkpt lat="50.765107534825802" lon="3.533055586740375">
        <ele>116.11</ele>
        <time>2026-08-01T09:56:35Z</time>
      </trkpt>
      <trkpt lat="50.765177272260189" lon="3.533023651689291">
        <ele>116.09999999999999</ele>
        <time>2026-08-01T09:56:48Z</time>
      </trkpt>
      <trkpt lat="50.76517928391695" lon="3.533015856519342">
        <ele>115.87</ele>
        <time>2026-08-01T09:59:16Z</time>
      </trkpt>
      <trkpt lat="50.765177020803094" lon="3.532990291714668">
        <ele>115.8</ele>
        <time>2026-08-01T10:00:25Z</time>
      </trkpt>
      <trkpt lat="50.76510502025485" lon="3.533013090491295">
        <ele>115.97</ele>
        <time>2026-08-01T10:00:38Z</time>
      </trkpt>
      <trkpt lat="50.765084568411112" lon="3.532968917861581">
        <ele>115.62</ele>
        <time>2026-08-01T10:00:43Z</time>
      </trkpt>
      <trkpt lat="50.765090771019459" lon="3.532764734700322">
        <ele>115.95</ele>
        <time>2026-08-01T10:00:52Z</time>
      </trkpt>
      <trkpt lat="50.765096973627806" lon="3.532735481858254">
        <ele>115.70999999999999</ele>
        <time>2026-08-01T10:00:53Z</time>
      </trkpt>
      <trkpt lat="50.765106277540326" lon="3.532711425796151">
        <ele>115.89</ele>
        <time>2026-08-01T10:00:54Z</time>
      </trkpt>
      <trkpt lat="50.76511574909091" lon="3.532690135762096">
        <ele>115.84999999999999</ele>
        <time>2026-08-01T10:00:55Z</time>
      </trkpt>
      <trkpt lat="50.765249188989401" lon="3.532328121364117">
        <ele>115.19</ele>
        <time>2026-08-01T10:01:07Z</time>
      </trkpt>
      <trkpt lat="50.765560492873192" lon="3.531612893566489">
        <ele>113.56</ele>
        <time>2026-08-01T10:01:23Z</time>
      </trkpt>
      <trkpt lat="50.765870036557317" lon="3.530986430123448">
        <ele>112.09</ele>
        <time>2026-08-01T10:01:39Z</time>
      </trkpt>
      <trkpt lat="50.76586626470089" lon="3.530937563627958">
        <ele>112.43000000000001</ele>
        <time>2026-08-01T10:01:52Z</time>
      </trkpt>
      <trkpt lat="50.765849752351642" lon="3.53093957528472">
        <ele>112.69</ele>
        <time>2026-08-01T10:02:11Z</time>
      </trkpt>
      <trkpt lat="50.765857044607401" lon="3.530951393768191">
        <ele>112.37</ele>
        <time>2026-08-01T10:04:13Z</time>
      </trkpt>
      <trkpt lat="50.765854278579354" lon="3.530947957187891">
        <ele>111.84</ele>
        <time>2026-08-01T10:05:58Z</time>
      </trkpt>
      <trkpt lat="50.765853943303227" lon="3.530947538092732">
        <ele>112.19</ele>
        <time>2026-08-01T10:07:38Z</time>
      </trkpt>
      <trkpt lat="50.765853272750974" lon="3.530938485637307">
        <ele>112.34999999999999</ele>
        <time>2026-08-01T10:09:16Z</time>
      </trkpt>
      <trkpt lat="50.765853943303227" lon="3.530939742922783">
        <ele>111.89</ele>
        <time>2026-08-01T10:11:05Z</time>
      </trkpt>
      <trkpt lat="50.765878167003393" lon="3.53094938211143">
        <ele>111.43000000000001</ele>
        <time>2026-08-01T10:11:49Z</time>
      </trkpt>
      <trkpt lat="50.765890320762992" lon="3.530949633568525">
        <ele>111.45</ele>
        <time>2026-08-01T10:11:50Z</time>
      </trkpt>
      <trkpt lat="50.765906078740954" lon="3.530947286635637">
        <ele>111.47</ele>
        <time>2026-08-01T10:11:51Z</time>
      </trkpt>
      <trkpt lat="50.765924099832773" lon="3.530944855883718">
        <ele>111.51000000000001</ele>
        <time>2026-08-01T10:11:52Z</time>
      </trkpt>
      <trkpt lat="50.766335399821401" lon="3.530767159536481">
        <ele>110.42</ele>
        <time>2026-08-01T10:12:05Z</time>
      </trkpt>
      <trkpt lat="50.767407445237041" lon="3.530292743816972">
        <ele>107.48999999999999</ele>
        <time>2026-08-01T10:12:28Z</time>
      </trkpt>
      <trkpt lat="50.768408998847008" lon="3.529743142426014">
        <ele>104.70999999999999</ele>
        <time>2026-08-01T10:12:47Z</time>
      </trkpt>
      <trkpt lat="50.768923982977867" lon="3.529654545709491">
        <ele>103.26000000000001</ele>
        <time>2026-08-01T10:13:01Z</time>
      </trkpt>
      <trkpt lat="50.768992295488715" lon="3.529652366414666">
        <ele>102.92</ele>
        <time>2026-08-01T10:13:03Z</time>
      </trkpt>
      <trkpt lat="50.769023140892386" lon="3.529627723619342">
        <ele>103.15000000000001</ele>
        <time>2026-08-01T10:13:04Z</time>
      </trkpt>
      <trkpt lat="50.769052561372519" lon="3.52960123680532">
        <ele>103.16</ele>
        <time>2026-08-01T10:13:05Z</time>
      </trkpt>
      <trkpt lat="50.769078629091382" lon="3.529568044468761">
        <ele>102.94</ele>
        <time>2026-08-01T10:13:06Z</time>
      </trkpt>
      <trkpt lat="50.769101679325104" lon="3.529531918466091">
        <ele>102.94</ele>
        <time>2026-08-01T10:13:07Z</time>
      </trkpt>
      <trkpt lat="50.769123891368508" lon="3.529493948444724">
        <ele>103.15000000000001</ele>
        <time>2026-08-01T10:13:08Z</time>
      </trkpt>
      <trkpt lat="50.769351460039616" lon="3.529398897662759">
        <ele>102.62</ele>
        <time>2026-08-01T10:13:15Z</time>
      </trkpt>
      <trkpt lat="50.769384484738111" lon="3.529432089999318">
        <ele>102.70999999999999</ele>
        <time>2026-08-01T10:13:16Z</time>
      </trkpt>
      <trkpt lat="50.769421281293035" lon="3.529460337013006">
        <ele>102.72</ele>
        <time>2026-08-01T10:13:17Z</time>
      </trkpt>
      <trkpt lat="50.769463693723083" lon="3.529488332569599">
        <ele>102.53</ele>
        <time>2026-08-01T10:13:18Z</time>
      </trkpt>
      <trkpt lat="50.769503088667989" lon="3.529512891545892">
        <ele>102.56</ele>
        <time>2026-08-01T10:13:19Z</time>
      </trkpt>
      <trkpt lat="50.770128294825554" lon="3.529826458543539">
        <ele>99.840000000000003</ele>
        <time>2026-08-01T10:13:34Z</time>
      </trkpt>
      <trkpt lat="50.770531632006168" lon="3.52961054071784">
        <ele>97.25</ele>
        <time>2026-08-01T10:13:48Z</time>
      </trkpt>
      <trkpt lat="50.770864561200142" lon="3.529261685907841">
        <ele>93.810000000000002</ele>
        <time>2026-08-01T10:13:58Z</time>
      </trkpt>
      <trkpt lat="50.771430172026157" lon="3.5287353862077">
        <ele>91.890000000000001</ele>
        <time>2026-08-01T10:14:16Z</time>
      </trkpt>
      <trkpt lat="50.771863935515285" lon="3.528386699035764">
        <ele>90.650000000000006</ele>
        <time>2026-08-01T10:14:30Z</time>
      </trkpt>
      <trkpt lat="50.772289652377367" lon="3.528109760954976">
        <ele>87.640000000000001</ele>
        <time>2026-08-01T10:14:43Z</time>
      </trkpt>
      <trkpt lat="50.772992726415396" lon="3.527729054912925">
        <ele>86.390000000000001</ele>
        <time>2026-08-01T10:15:05Z</time>
      </trkpt>
      <trkpt lat="50.773533023893833" lon="3.527582120150328">
        <ele>84.950000000000003</ele>
        <time>2026-08-01T10:15:23Z</time>
      </trkpt>
      <trkpt lat="50.773980198428035" lon="3.52728565223515">
        <ele>83.370000000000005</ele>
        <time>2026-08-01T10:15:40Z</time>
      </trkpt>
      <trkpt lat="50.774521334096789" lon="3.526735380291939">
        <ele>82.629999999999995</ele>
        <time>2026-08-01T10:16:00Z</time>
      </trkpt>
      <trkpt lat="50.774826938286424" lon="3.52639339864254">
        <ele>82.090000000000003</ele>
        <time>2026-08-01T10:16:14Z</time>
      </trkpt>
      <trkpt lat="50.775300264358521" lon="3.526023924350739">
        <ele>82.090000000000003</ele>
        <time>2026-08-01T10:16:30Z</time>
      </trkpt>
      <trkpt lat="50.775377880781889" lon="3.526037754490972">
        <ele>81.870000000000005</ele>
        <time>2026-08-01T10:16:34Z</time>
      </trkpt>
      <trkpt lat="50.775744337588549" lon="3.525919234380126">
        <ele>81.260000000000005</ele>
        <time>2026-08-01T10:16:49Z</time>
      </trkpt>
      <trkpt lat="50.776171227917075" lon="3.525760481134057">
        <ele>81.079999999999998</ele>
        <time>2026-08-01T10:17:05Z</time>
      </trkpt>
      <trkpt lat="50.776730887591839" lon="3.525473652407527">
        <ele>80.019999999999996</ele>
        <time>2026-08-01T10:17:26Z</time>
      </trkpt>
      <trkpt lat="50.776679255068302" lon="3.524943832308054">
        <ele>78.819999999999993</ele>
        <time>2026-08-01T10:17:36Z</time>
      </trkpt>
      <trkpt lat="50.776519244536757" lon="3.524368414655328">
        <ele>77.569999999999993</ele>
        <time>2026-08-01T10:17:51Z</time>
      </trkpt>
      <trkpt lat="50.776516394689679" lon="3.524366822093725">
        <ele>77.799999999999997</ele>
        <time>2026-08-01T10:18:26Z</time>
      </trkpt>
      <trkpt lat="50.776487393304706" lon="3.524330193176866">
        <ele>77.5</ele>
        <time>2026-08-01T10:18:45Z</time>
      </trkpt>
      <trkpt lat="50.776489488780499" lon="3.524316530674696">
        <ele>77.859999999999999</ele>
        <time>2026-08-01T10:20:25Z</time>
      </trkpt>
      <trkpt lat="50.776492422446609" lon="3.524316195398569">
        <ele>78.120000000000005</ele>
        <time>2026-08-01T10:20:56Z</time>
      </trkpt>
      <trkpt lat="50.776499379426241" lon="3.524316782131791">
        <ele>77.799999999999997</ele>
        <time>2026-08-01T10:23:03Z</time>
      </trkpt>
      <trkpt lat="50.776486890390515" lon="3.524313932284713">
        <ele>77.709999999999994</ele>
        <time>2026-08-01T10:25:06Z</time>
      </trkpt>
      <trkpt lat="50.776487058028579" lon="3.524317955598235">
        <ele>79.060000000000002</ele>
        <time>2026-08-01T10:26:58Z</time>
      </trkpt>
      <trkpt lat="50.776489991694689" lon="3.524301024153829">
        <ele>78.319999999999993</ele>
        <time>2026-08-01T10:29:05Z</time>
      </trkpt>
      <trkpt lat="50.776487477123737" lon="3.524310160428286">
        <ele>79.030000000000001</ele>
        <time>2026-08-01T10:30:56Z</time>
      </trkpt>
      <trkpt lat="50.776492170989513" lon="3.524311920627952">
        <ele>79.060000000000002</ele>
        <time>2026-08-01T10:32:56Z</time>
      </trkpt>
      <trkpt lat="50.776546569541097" lon="3.524315692484379">
        <ele>79.709999999999994</ele>
        <time>2026-08-01T10:34:20Z</time>
      </trkpt>
      <trkpt lat="50.776559058576822" lon="3.524281326681376">
        <ele>80.159999999999997</ele>
        <time>2026-08-01T10:34:23Z</time>
      </trkpt>
      <trkpt lat="50.776537768542767" lon="3.524310747161508">
        <ele>80.150000000000006</ele>
        <time>2026-08-01T10:34:35Z</time>
      </trkpt>
      <trkpt lat="50.776549419388175" lon="3.524317620322108">
        <ele>80.280000000000001</ele>
        <time>2026-08-01T10:35:29Z</time>
      </trkpt>
      <trkpt lat="50.776543719694018" lon="3.524325666949153">
        <ele>79.870000000000005</ele>
        <time>2026-08-01T10:38:40Z</time>
      </trkpt>
      <trkpt lat="50.776548078283668" lon="3.524317620322108">
        <ele>79.75</ele>
        <time>2026-08-01T10:40:34Z</time>
      </trkpt>
      <trkpt lat="50.776560986414552" lon="3.524310244247317">
        <ele>79.780000000000001</ele>
        <time>2026-08-01T10:43:05Z</time>
      </trkpt>
      <trkpt lat="50.776564590632915" lon="3.524299263954163">
        <ele>79.859999999999999</ele>
        <time>2026-08-01T10:45:44Z</time>
      </trkpt>
      <trkpt lat="50.77656626701355" lon="3.524330528452992">
        <ele>80.299999999999997</ele>
        <time>2026-08-01T10:47:52Z</time>
      </trkpt>
      <trkpt lat="50.77656576409936" lon="3.524317787960172">
        <ele>80.519999999999996</ele>
        <time>2026-08-01T10:50:02Z</time>
      </trkpt>
      <trkpt lat="50.776557130739093" lon="3.524310076609254">
        <ele>80.510000000000005</ele>
        <time>2026-08-01T10:51:31Z</time>
      </trkpt>
      <trkpt lat="50.776561573147774" lon="3.524309992790222">
        <ele>80.989999999999995</ele>
        <time>2026-08-01T10:53:39Z</time>
      </trkpt>
      <trkpt lat="50.776565847918391" lon="3.524313177913427">
        <ele>81.180000000000007</ele>
        <time>2026-08-01T10:55:48Z</time>
      </trkpt>
      <trkpt lat="50.77657456509769" lon="3.524303874000907">
        <ele>81.390000000000001</ele>
        <time>2026-08-01T10:57:53Z</time>
      </trkpt>
      <trkpt lat="50.776551766321063" lon="3.524357099086046">
        <ele>81.390000000000001</ele>
        <time>2026-08-01T10:58:48Z</time>
      </trkpt>
      <trkpt lat="50.776535840705037" lon="3.524460280314088">
        <ele>80.909999999999997</ele>
        <time>2026-08-01T10:59:03Z</time>
      </trkpt>
      <trkpt lat="50.776545144617558" lon="3.524482827633619">
        <ele>81.060000000000002</ele>
        <time>2026-08-01T10:59:44Z</time>
      </trkpt>
      <trkpt lat="50.776563584804535" lon="3.524519624188542">
        <ele>81.109999999999999</ele>
        <time>2026-08-01T10:59:46Z</time>
      </trkpt>
      <trkpt lat="50.776564590632915" lon="3.524544853717089">
        <ele>81.129999999999995</ele>
        <time>2026-08-01T10:59:47Z</time>
      </trkpt>
      <trkpt lat="50.776568446308374" lon="3.524574274197221">
        <ele>81.120000000000005</ele>
        <time>2026-08-01T10:59:48Z</time>
      </trkpt>
      <trkpt lat="50.776718314737082" lon="3.525221776217222">
        <ele>82.079999999999998</ele>
        <time>2026-08-01T11:00:05Z</time>
      </trkpt>
      <trkpt lat="50.776815293356776" lon="3.525417493656278">
        <ele>82.560000000000002</ele>
        <time>2026-08-01T11:00:18Z</time>
      </trkpt>
      <trkpt lat="50.776802720502019" lon="3.525467533618212">
        <ele>82.390000000000001</ele>
        <time>2026-08-01T11:00:54Z</time>
      </trkpt>
      <trkpt lat="50.776789477095008" lon="3.52547382004559">
        <ele>82.25</ele>
        <time>2026-08-01T11:00:55Z</time>
      </trkpt>
      <trkpt lat="50.77677539549768" lon="3.525479603558779">
        <ele>82.239999999999995</ele>
        <time>2026-08-01T11:00:56Z</time>
      </trkpt>
      <trkpt lat="50.776760978624225" lon="3.525481699034572">
        <ele>82.060000000000002</ele>
        <time>2026-08-01T11:00:57Z</time>
      </trkpt>
      <trkpt lat="50.776746897026896" lon="3.525486560538411">
        <ele>82.200000000000003</ele>
        <time>2026-08-01T11:00:58Z</time>
      </trkpt>
      <trkpt lat="50.776733485981822" lon="3.525502234697342">
        <ele>82.060000000000002</ele>
        <time>2026-08-01T11:00:59Z</time>
      </trkpt>
      <trkpt lat="50.776723092421889" lon="3.525522435083985">
        <ele>82.310000000000002</ele>
        <time>2026-08-01T11:01:00Z</time>
      </trkpt>
      <trkpt lat="50.776717644184828" lon="3.525548335164785">
        <ele>82.090000000000003</ele>
        <time>2026-08-01T11:01:01Z</time>
      </trkpt>
      <trkpt lat="50.77671873383224" lon="3.525574738159776">
        <ele>82.209999999999994</ele>
        <time>2026-08-01T11:01:02Z</time>
      </trkpt>
      <trkpt lat="50.776721583679318" lon="3.525603236630559">
        <ele>82.180000000000007</ele>
        <time>2026-08-01T11:01:03Z</time>
      </trkpt>
      <trkpt lat="50.776726361364126" lon="3.525634417310357">
        <ele>82.489999999999995</ele>
        <time>2026-08-01T11:01:04Z</time>
      </trkpt>
      <trkpt lat="50.776733988896012" lon="3.525666687637568">
        <ele>82.609999999999999</ele>
        <time>2026-08-01T11:01:05Z</time>
      </trkpt>
      <trkpt lat="50.776742873713374" lon="3.525701137259603">
        <ele>82.780000000000001</ele>
        <time>2026-08-01T11:01:06Z</time>
      </trkpt>
      <trkpt lat="50.77670456841588" lon="3.526270017027855">
        <ele>82.890000000000001</ele>
        <time>2026-08-01T11:01:21Z</time>
      </trkpt>
      <trkpt lat="50.776622174307704" lon="3.52706084959209">
        <ele>83.870000000000005</ele>
        <time>2026-08-01T11:01:40Z</time>
      </trkpt>
      <trkpt lat="50.776682356372476" lon="3.527553621679544">
        <ele>84.650000000000006</ele>
        <time>2026-08-01T11:01:52Z</time>
      </trkpt>
      <trkpt lat="50.77690145932138" lon="3.528197938576341">
        <ele>84.049999999999997</ele>
        <time>2026-08-01T11:02:07Z</time>
      </trkpt>
      <trkpt lat="50.777290882542729" lon="3.529405016452074">
        <ele>81.689999999999998</ele>
        <time>2026-08-01T11:02:27Z</time>
      </trkpt>
      <trkpt lat="50.777584416791797" lon="3.530298862606287">
        <ele>78.670000000000002</ele>
        <time>2026-08-01T11:02:39Z</time>
      </trkpt>
      <trkpt lat="50.778077859431505" lon="3.531307373195887">
        <ele>75.170000000000002</ele>
        <time>2026-08-01T11:02:51Z</time>
      </trkpt>
      <trkpt lat="50.778675070032477" lon="3.532233154401183">
        <ele>72.090000000000003</ele>
        <time>2026-08-01T11:03:02Z</time>
      </trkpt>
      <trkpt lat="50.779050998389721" lon="3.532822821289301">
        <ele>68.969999999999999</ele>
        <time>2026-08-01T11:03:08Z</time>
      </trkpt>
      <trkpt lat="50.77948534861207" lon="3.533430173993111">
        <ele>65.629999999999995</ele>
        <time>2026-08-01T11:03:14Z</time>
      </trkpt>
      <trkpt lat="50.779946772381663" lon="3.534006094560027">
        <ele>62.25</ele>
        <time>2026-08-01T11:03:20Z</time>
      </trkpt>
      <trkpt lat="50.780320269986987" lon="3.53428085334599">
        <ele>59.640000000000001</ele>
        <time>2026-08-01T11:03:25Z</time>
      </trkpt>
      <trkpt lat="50.780394366011024" lon="3.534300969913602">
        <ele>59.280000000000001</ele>
        <time>2026-08-01T11:03:26Z</time>
      </trkpt>
      <trkpt lat="50.780462929978967" lon="3.534309267997742">
        <ele>58.890000000000001</ele>
        <time>2026-08-01T11:03:27Z</time>
      </trkpt>
      <trkpt lat="50.780846485868096" lon="3.534421920776367">
        <ele>55.490000000000002</ele>
        <time>2026-08-01T11:03:33Z</time>
      </trkpt>
      <trkpt lat="50.780903231352568" lon="3.53446894325316">
        <ele>54.810000000000002</ele>
        <time>2026-08-01T11:03:34Z</time>
      </trkpt>
      <trkpt lat="50.780958384275436" lon="3.5345290414989">
        <ele>54</ele>
        <time>2026-08-01T11:03:35Z</time>
      </trkpt>
      <trkpt lat="50.781014040112495" lon="3.53459844365716">
        <ele>53.189999999999998</ele>
        <time>2026-08-01T11:03:36Z</time>
      </trkpt>
      <trkpt lat="50.781301790848374" lon="3.534982753917575">
        <ele>49.93</ele>
        <time>2026-08-01T11:03:41Z</time>
      </trkpt>
      <trkpt lat="50.781431291252375" lon="3.535150391981006">
        <ele>49.159999999999997</ele>
        <time>2026-08-01T11:03:43Z</time>
      </trkpt>
      <trkpt lat="50.781737985089421" lon="3.535468485206366">
        <ele>45.920000000000002</ele>
        <time>2026-08-01T11:03:47Z</time>
      </trkpt>
      <trkpt lat="50.782195637002587" lon="3.536392757669091">
        <ele>42.780000000000001</ele>
        <time>2026-08-01T11:03:55Z</time>
      </trkpt>
      <trkpt lat="50.782287837937474" lon="3.5367825999856">
        <ele>42.380000000000003</ele>
        <time>2026-08-01T11:03:58Z</time>
      </trkpt>
      <trkpt lat="50.782299656420946" lon="3.536914363503456">
        <ele>42.119999999999997</ele>
        <time>2026-08-01T11:03:59Z</time>
      </trkpt>
      <trkpt lat="50.782306948676705" lon="3.537045288830996">
        <ele>41.659999999999997</ele>
        <time>2026-08-01T11:04:00Z</time>
      </trkpt>
      <trkpt lat="50.782358162105083" lon="3.537921700626612">
        <ele>40.109999999999999</ele>
        <time>2026-08-01T11:04:07Z</time>
      </trkpt>
      <trkpt lat="50.78238733112812" lon="3.538037957623601">
        <ele>39.469999999999999</ele>
        <time>2026-08-01T11:04:08Z</time>
      </trkpt>
      <trkpt lat="50.782424714416265" lon="3.538150107488036">
        <ele>39.280000000000001</ele>
        <time>2026-08-01T11:04:09Z</time>
      </trkpt>
      <trkpt lat="50.782469138503075" lon="3.538256976753473">
        <ele>39.079999999999998</ele>
        <time>2026-08-01T11:04:10Z</time>
      </trkpt>
      <trkpt lat="50.782517837360501" lon="3.538362253457308">
        <ele>38.380000000000003</ele>
        <time>2026-08-01T11:04:11Z</time>
      </trkpt>
      <trkpt lat="50.782827045768499" lon="3.539016460999847">
        <ele>37.18</ele>
        <time>2026-08-01T11:04:17Z</time>
      </trkpt>
      <trkpt lat="50.782864764332771" lon="3.539140848442912">
        <ele>36.740000000000002</ele>
        <time>2026-08-01T11:04:18Z</time>
      </trkpt>
      <trkpt lat="50.783213535323739" lon="3.540237536653876">
        <ele>33.340000000000003</ele>
        <time>2026-08-01T11:04:27Z</time>
      </trkpt>
      <trkpt lat="50.783729022368789" lon="3.541293572634459">
        <ele>30.239999999999998</ele>
        <time>2026-08-01T11:04:38Z</time>
      </trkpt>
      <trkpt lat="50.783796161413193" lon="3.541425168514252">
        <ele>29.329999999999998</ele>
        <time>2026-08-01T11:04:46Z</time>
      </trkpt>
      <trkpt lat="50.783823067322373" lon="3.541425922885537">
        <ele>28.620000000000001</ele>
        <time>2026-08-01T11:05:21Z</time>
      </trkpt>
      <trkpt lat="50.783860869705677" lon="3.541419049724937">
        <ele>28.18</ele>
        <time>2026-08-01T11:05:23Z</time>
      </trkpt>
      <trkpt lat="50.783885009586811" lon="3.541399268433452">
        <ele>28.260000000000002</ele>
        <time>2026-08-01T11:05:24Z</time>
      </trkpt>
      <trkpt lat="50.783904623240232" lon="3.541369261220098">
        <ele>28.760000000000002</ele>
        <time>2026-08-01T11:05:25Z</time>
      </trkpt>
      <trkpt lat="50.783926080912352" lon="3.541332883760333">
        <ele>28.699999999999999</ele>
        <time>2026-08-01T11:05:26Z</time>
      </trkpt>
      <trkpt lat="50.783946868032217" lon="3.541292231529951">
        <ele>28.760000000000002</ele>
        <time>2026-08-01T11:05:27Z</time>
      </trkpt>
      <trkpt lat="50.784452883526683" lon="3.540374580770731">
        <ele>27.559999999999999</ele>
        <time>2026-08-01T11:05:44Z</time>
      </trkpt>
      <trkpt lat="50.784809868782759" lon="3.539823135361075">
        <ele>25.760000000000002</ele>
        <time>2026-08-01T11:05:52Z</time>
      </trkpt>
      <trkpt lat="50.784875163808465" lon="3.539800085127354">
        <ele>25.5</ele>
        <time>2026-08-01T11:05:53Z</time>
      </trkpt>
      <trkpt lat="50.784944649785757" lon="3.539808969944716">
        <ele>24.620000000000001</ele>
        <time>2026-08-01T11:05:54Z</time>
      </trkpt>
      <trkpt lat="50.785012459382415" lon="3.539846185594797">
        <ele>24.5</ele>
        <time>2026-08-01T11:05:55Z</time>
      </trkpt>
      <trkpt lat="50.785081861540675" lon="3.539886586368084">
        <ele>24.289999999999999</ele>
        <time>2026-08-01T11:05:56Z</time>
      </trkpt>
      <trkpt lat="50.78515344299376" lon="3.539927406236529">
        <ele>24.059999999999999</ele>
        <time>2026-08-01T11:05:57Z</time>
      </trkpt>
      <trkpt lat="50.785231729969382" lon="3.539939979091287">
        <ele>23.850000000000001</ele>
        <time>2026-08-01T11:05:58Z</time>
      </trkpt>
      <trkpt lat="50.785306999459863" lon="3.539932686835527">
        <ele>24</ele>
        <time>2026-08-01T11:05:59Z</time>
      </trkpt>
      <trkpt lat="50.78537916764617" lon="3.539908546954393">
        <ele>23.850000000000001</ele>
        <time>2026-08-01T11:06:00Z</time>
      </trkpt>
      <trkpt lat="50.785446558147669" lon="3.539870325475931">
        <ele>23.690000000000001</ele>
        <time>2026-08-01T11:06:01Z</time>
      </trkpt>
      <trkpt lat="50.785513781011105" lon="3.539825147017837">
        <ele>23.27</ele>
        <time>2026-08-01T11:06:02Z</time>
      </trkpt>
      <trkpt lat="50.78557999804616" lon="3.539776196703315">
        <ele>23.289999999999999</ele>
        <time>2026-08-01T11:06:03Z</time>
      </trkpt>
      <trkpt lat="50.78582189977169" lon="3.539530355483294">
        <ele>22.629999999999999</ele>
        <time>2026-08-01T11:06:07Z</time>
      </trkpt>
      <trkpt lat="50.785869173705578" lon="3.539451397955418">
        <ele>22.460000000000001</ele>
        <time>2026-08-01T11:06:08Z</time>
      </trkpt>
      <trkpt lat="50.786305535584688" lon="3.538695517927408">
        <ele>22.489999999999998</ele>
        <time>2026-08-01T11:06:19Z</time>
      </trkpt>
      <trkpt lat="50.786355827003717" lon="3.538671964779496">
        <ele>22.440000000000001</ele>
        <time>2026-08-01T11:06:20Z</time>
      </trkpt>
      <trkpt lat="50.786408549174666" lon="3.538668360561132">
        <ele>22.280000000000001</ele>
        <time>2026-08-01T11:06:21Z</time>
      </trkpt>
      <trkpt lat="50.786461438983679" lon="3.538678754121065">
        <ele>22.09</ele>
        <time>2026-08-01T11:06:22Z</time>
      </trkpt>
      <trkpt lat="50.786511478945613" lon="3.53869509883225">
        <ele>22.059999999999999</ele>
        <time>2026-08-01T11:06:23Z</time>
      </trkpt>
      <trkpt lat="50.78656462021172" lon="3.538709934800863">
        <ele>22.059999999999999</ele>
        <time>2026-08-01T11:06:24Z</time>
      </trkpt>
      <trkpt lat="50.786673165857792" lon="3.538726279512048">
        <ele>21.859999999999999</ele>
        <time>2026-08-01T11:06:26Z</time>
      </trkpt>
      <trkpt lat="50.786724714562297" lon="3.538720076903701">
        <ele>21.75</ele>
        <time>2026-08-01T11:06:27Z</time>
      </trkpt>
      <trkpt lat="50.786776598542929" lon="3.538708761334419">
        <ele>21.550000000000001</ele>
        <time>2026-08-01T11:06:28Z</time>
      </trkpt>
      <trkpt lat="50.786828482523561" lon="3.53868629783392">
        <ele>21.440000000000001</ele>
        <time>2026-08-01T11:06:29Z</time>
      </trkpt>
      <trkpt lat="50.786877516657114" lon="3.538658386096358">
        <ele>21.68</ele>
        <time>2026-08-01T11:06:30Z</time>
      </trkpt>
      <trkpt lat="50.786925796419382" lon="3.538625445216894">
        <ele>21.960000000000001</ele>
        <time>2026-08-01T11:06:31Z</time>
      </trkpt>
      <trkpt lat="50.787603640928864" lon="3.537812819704413">
        <ele>20.969999999999999</ele>
        <time>2026-08-01T11:06:47Z</time>
      </trkpt>
      <trkpt lat="50.787888541817665" lon="3.537374949082732">
        <ele>20.77</ele>
        <time>2026-08-01T11:06:54Z</time>
      </trkpt>
      <trkpt lat="50.787915363907814" lon="3.537294650450349">
        <ele>20.710000000000001</ele>
        <time>2026-08-01T11:06:55Z</time>
      </trkpt>
      <trkpt lat="50.787932379171252" lon="3.537210496142507">
        <ele>20.469999999999999</ele>
        <time>2026-08-01T11:06:56Z</time>
      </trkpt>
      <trkpt lat="50.787945287302136" lon="3.537126677110791">
        <ele>20.629999999999999</ele>
        <time>2026-08-01T11:06:57Z</time>
      </trkpt>
      <trkpt lat="50.78795769251883" lon="3.537044869735837">
        <ele>20.719999999999999</ele>
        <time>2026-08-01T11:06:58Z</time>
      </trkpt>
      <trkpt lat="50.788013180717826" lon="3.536664582788944">
        <ele>20.710000000000001</ele>
        <time>2026-08-01T11:07:03Z</time>
      </trkpt>
      <trkpt lat="50.78803195618093" lon="3.536603478714824">
        <ele>20.640000000000001</ele>
        <time>2026-08-01T11:07:04Z</time>
      </trkpt>
      <trkpt lat="50.78805685043335" lon="3.536539357155561">
        <ele>20.579999999999998</ele>
        <time>2026-08-01T11:07:05Z</time>
      </trkpt>
      <trkpt lat="50.788087025284767" lon="3.536481689661741">
        <ele>20.609999999999999</ele>
        <time>2026-08-01T11:07:06Z</time>
      </trkpt>
      <trkpt lat="50.788122396916151" lon="3.536435086280108">
        <ele>20.75</ele>
        <time>2026-08-01T11:07:07Z</time>
      </trkpt>
      <trkpt lat="50.788162127137184" lon="3.536396864801645">
        <ele>20.829999999999998</ele>
        <time>2026-08-01T11:07:08Z</time>
      </trkpt>
      <trkpt lat="50.788200851529837" lon="3.536350848153234">
        <ele>20.93</ele>
        <time>2026-08-01T11:07:09Z</time>
      </trkpt>
      <trkpt lat="50.788238067179918" lon="3.536300472915173">
        <ele>20.93</ele>
        <time>2026-08-01T11:07:10Z</time>
      </trkpt>
      <trkpt lat="50.788272432982922" lon="3.536246493458748">
        <ele>20.809999999999999</ele>
        <time>2026-08-01T11:07:11Z</time>
      </trkpt>
      <trkpt lat="50.78830897808075" lon="3.536192011088133">
        <ele>20.75</ele>
        <time>2026-08-01T11:07:12Z</time>
      </trkpt>
      <trkpt lat="50.789041137322783" lon="3.535194061696529">
        <ele>19.219999999999999</ele>
        <time>2026-08-01T11:07:30Z</time>
      </trkpt>
      <trkpt lat="50.789476158097386" lon="3.533803839236498">
        <ele>18.850000000000001</ele>
        <time>2026-08-01T11:07:47Z</time>
      </trkpt>
      <trkpt lat="50.789838088676333" lon="3.532113879919052">
        <ele>18.050000000000001</ele>
        <time>2026-08-01T11:08:08Z</time>
      </trkpt>
      <trkpt lat="50.789982592687011" lon="3.531124480068684">
        <ele>17.739999999999998</ele>
        <time>2026-08-01T11:08:20Z</time>
      </trkpt>
      <trkpt lat="50.789825264364481" lon="3.53024379350245">
        <ele>17.52</ele>
        <time>2026-08-01T11:08:31Z</time>
      </trkpt>
      <trkpt lat="50.789793832227588" lon="3.530081687495112">
        <ele>17.73</ele>
        <time>2026-08-01T11:08:33Z</time>
      </trkpt>
      <trkpt lat="50.789786288514733" lon="3.529998371377587">
        <ele>17.809999999999999</ele>
        <time>2026-08-01T11:08:34Z</time>
      </trkpt>
      <trkpt lat="50.789783019572496" lon="3.529915474355221">
        <ele>17.710000000000001</ele>
        <time>2026-08-01T11:08:35Z</time>
      </trkpt>
      <trkpt lat="50.789782432839274" lon="3.529832158237696">
        <ele>17.620000000000001</ele>
        <time>2026-08-01T11:08:36Z</time>
      </trkpt>
      <trkpt lat="50.789787294343114" lon="3.529751021414995">
        <ele>17.59</ele>
        <time>2026-08-01T11:08:37Z</time>
      </trkpt>
      <trkpt lat="50.78979735262692" lon="3.529672482982278">
        <ele>17.699999999999999</ele>
        <time>2026-08-01T11:08:38Z</time>
      </trkpt>
      <trkpt lat="50.789811937138438" lon="3.529590424150229">
        <ele>17.850000000000001</ele>
        <time>2026-08-01T11:08:39Z</time>
      </trkpt>
      <trkpt lat="50.78982912003994" lon="3.529515657573938">
        <ele>17.789999999999999</ele>
        <time>2026-08-01T11:08:40Z</time>
      </trkpt>
      <trkpt lat="50.789846973493695" lon="3.529434269294143">
        <ele>17.68</ele>
        <time>2026-08-01T11:08:41Z</time>
      </trkpt>
      <trkpt lat="50.790279395878315" lon="3.527807844802737">
        <ele>17.390000000000001</ele>
        <time>2026-08-01T11:09:02Z</time>
      </trkpt>
      <trkpt lat="50.790384588763118" lon="3.527028327807784">
        <ele>17.350000000000001</ele>
        <time>2026-08-01T11:09:12Z</time>
      </trkpt>
      <trkpt lat="50.790418954566121" lon="3.526816768571734">
        <ele>17.309999999999999</ele>
        <time>2026-08-01T11:09:15Z</time>
      </trkpt>
      <trkpt lat="50.790422977879643" lon="3.526740744709969">
        <ele>17.27</ele>
        <time>2026-08-01T11:09:16Z</time>
      </trkpt>
      <trkpt lat="50.790407890453935" lon="3.526413179934025">
        <ele>17.149999999999999</ele>
        <time>2026-08-01T11:09:20Z</time>
      </trkpt>
      <trkpt lat="50.790391797199845" lon="3.526332629844546">
        <ele>17.23</ele>
        <time>2026-08-01T11:09:21Z</time>
      </trkpt>
      <trkpt lat="50.790292471647263" lon="3.525010552257299">
        <ele>17.079999999999998</ele>
        <time>2026-08-01T11:09:39Z</time>
      </trkpt>
      <trkpt lat="50.790347037836909" lon="3.524713581427932">
        <ele>16.890000000000001</ele>
        <time>2026-08-01T11:09:50Z</time>
      </trkpt>
      <trkpt lat="50.790353240445256" lon="3.524655997753143">
        <ele>16.789999999999999</ele>
        <time>2026-08-01T11:10:21Z</time>
      </trkpt>
      <trkpt lat="50.790349887683988" lon="3.524555498734117">
        <ele>16.879999999999999</ele>
        <time>2026-08-01T11:10:27Z</time>
      </trkpt>
      <trkpt lat="50.790339661762118" lon="3.52454393170774">
        <ele>16.739999999999998</ele>
        <time>2026-08-01T11:10:28Z</time>
      </trkpt>
      <trkpt lat="50.790325663983822" lon="3.524542087689042">
        <ele>16.809999999999999</ele>
        <time>2026-08-01T11:10:29Z</time>
      </trkpt>
      <trkpt lat="50.790315773338079" lon="3.524556672200561">
        <ele>16.93</ele>
        <time>2026-08-01T11:10:30Z</time>
      </trkpt>
      <trkpt lat="50.790317868813872" lon="3.524600593373179">
        <ele>16.899999999999999</ele>
        <time>2026-08-01T11:10:33Z</time>
      </trkpt>
      <trkpt lat="50.790328681468964" lon="3.524605790153146">
        <ele>17.109999999999999</ele>
        <time>2026-08-01T11:10:34Z</time>
      </trkpt>
      <trkpt lat="50.790339577943087" lon="3.524613082408905">
        <ele>16.890000000000001</ele>
        <time>2026-08-01T11:10:35Z</time>
      </trkpt>
      <trkpt lat="50.790349384769797" lon="3.524625739082694">
        <ele>16.93</ele>
        <time>2026-08-01T11:10:36Z</time>
      </trkpt>
      <trkpt lat="50.790361873805523" lon="3.524628337472677">
        <ele>16.98</ele>
        <time>2026-08-01T11:10:37Z</time>
      </trkpt>
      <trkpt lat="50.790391294285655" lon="3.524577878415585">
        <ele>16.670000000000002</ele>
        <time>2026-08-01T11:10:47Z</time>
      </trkpt>
      <trkpt lat="50.790406716987491" lon="3.524569580331445">
        <ele>16.559999999999999</ele>
        <time>2026-08-01T11:10:48Z</time>
      </trkpt>
      <trkpt lat="50.790475616231561" lon="3.524514343589544">
        <ele>16.760000000000002</ele>
        <time>2026-08-01T11:10:58Z</time>
      </trkpt>
      <trkpt lat="50.790471257641912" lon="3.524490622803569">
        <ele>16.77</ele>
        <time>2026-08-01T11:10:59Z</time>
      </trkpt>
      <trkpt lat="50.790415182709694" lon="3.524490287527442">
        <ele>16.850000000000001</ele>
        <time>2026-08-01T11:11:02Z</time>
      </trkpt>
      <trkpt lat="50.790392719209194" lon="3.524504872038961">
        <ele>16.789999999999999</ele>
        <time>2026-08-01T11:11:03Z</time>
      </trkpt>
      <trkpt lat="50.790286101400852" lon="3.524466566741467">
        <ele>16.960000000000001</ele>
        <time>2026-08-01T11:11:08Z</time>
      </trkpt>
      <trkpt lat="50.790273360908031" lon="3.524486180394888">
        <ele>16.879999999999999</ele>
        <time>2026-08-01T11:11:09Z</time>
      </trkpt>
      <trkpt lat="50.79024787992239" lon="3.524532280862331">
        <ele>17.030000000000001</ele>
        <time>2026-08-01T11:11:13Z</time>
      </trkpt>
      <trkpt lat="50.790255423635244" lon="3.524582823738456">
        <ele>16.969999999999999</ele>
        <time>2026-08-01T11:11:35Z</time>
      </trkpt>
      <trkpt lat="50.790275121107697" lon="3.524609729647636">
        <ele>16.969999999999999</ele>
        <time>2026-08-01T11:11:37Z</time>
      </trkpt>
      <trkpt lat="50.790292471647263" lon="3.524609645828605">
        <ele>16.969999999999999</ele>
        <time>2026-08-01T11:11:38Z</time>
      </trkpt>
      <trkpt lat="50.790311833843589" lon="3.524610819295049">
        <ele>16.969999999999999</ele>
        <time>2026-08-01T11:11:39Z</time>
      </trkpt>
      <trkpt lat="50.790331028401852" lon="3.524619955569506">
        <ele>17.129999999999999</ele>
        <time>2026-08-01T11:11:40Z</time>
      </trkpt>
      <trkpt lat="50.790344942361116" lon="3.524637809023261">
        <ele>17.120000000000001</ele>
        <time>2026-08-01T11:11:41Z</time>
      </trkpt>
      <trkpt lat="50.79035684466362" lon="3.524651387706399">
        <ele>17.100000000000001</ele>
        <time>2026-08-01T11:11:42Z</time>
      </trkpt>
      <trkpt lat="50.790371345356107" lon="3.524652225896716">
        <ele>17.109999999999999</ele>
        <time>2026-08-01T11:11:43Z</time>
      </trkpt>
      <trkpt lat="50.790383666753769" lon="3.524638395756483">
        <ele>17.100000000000001</ele>
        <time>2026-08-01T11:11:44Z</time>
      </trkpt>
      <trkpt lat="50.790392300114036" lon="3.524625236168504">
        <ele>17.039999999999999</ele>
        <time>2026-08-01T11:11:45Z</time>
      </trkpt>
      <trkpt lat="50.790402777493" lon="3.524603024125099">
        <ele>16.949999999999999</ele>
        <time>2026-08-01T11:11:54Z</time>
      </trkpt>
      <trkpt lat="50.790411746129394" lon="3.524588858708739">
        <ele>16.859999999999999</ele>
        <time>2026-08-01T11:11:55Z</time>
      </trkpt>
      <trkpt lat="50.790424989536405" lon="3.524582237005234">
        <ele>16.850000000000001</ele>
        <time>2026-08-01T11:11:56Z</time>
      </trkpt>
      <trkpt lat="50.790455751121044" lon="3.524580644443631">
        <ele>17.039999999999999</ele>
        <time>2026-08-01T11:12:10Z</time>
      </trkpt>
      <trkpt lat="50.790449883788824" lon="3.524573938921094">
        <ele>17.109999999999999</ele>
        <time>2026-08-01T11:14:28Z</time>
      </trkpt>
      <trkpt lat="50.790409650653601" lon="3.524523144587874">
        <ele>16.93</ele>
        <time>2026-08-01T11:15:27Z</time>
      </trkpt>
      <trkpt lat="50.790389534085989" lon="3.524515768513084">
        <ele>16.859999999999999</ele>
        <time>2026-08-01T11:15:29Z</time>
      </trkpt>
      <trkpt lat="50.790380230173469" lon="3.524525323882699">
        <ele>16.98</ele>
        <time>2026-08-01T11:15:30Z</time>
      </trkpt>
      <trkpt lat="50.790369668975472" lon="3.524530436843634">
        <ele>17.050000000000001</ele>
        <time>2026-08-01T11:15:31Z</time>
      </trkpt>
      <trkpt lat="50.790348127484322" lon="3.52458936162293">
        <ele>16.809999999999999</ele>
        <time>2026-08-01T11:15:50Z</time>
      </trkpt>
      <trkpt lat="50.790349971503019" lon="3.524633701890707">
        <ele>16.969999999999999</ele>
        <time>2026-08-01T11:15:53Z</time>
      </trkpt>
      <trkpt lat="50.790363382548094" lon="3.52464510127902">
        <ele>17</ele>
        <time>2026-08-01T11:15:54Z</time>
      </trkpt>
      <trkpt lat="50.790377967059612" lon="3.524634540081024">
        <ele>16.850000000000001</ele>
        <time>2026-08-01T11:15:55Z</time>
      </trkpt>
      <trkpt lat="50.790385929867625" lon="3.524612579494715">
        <ele>17.02</ele>
        <time>2026-08-01T11:15:56Z</time>
      </trkpt>
      <trkpt lat="50.790391713380814" lon="3.524592379108071">
        <ele>16.780000000000001</ele>
        <time>2026-08-01T11:15:57Z</time>
      </trkpt>
      <trkpt lat="50.790399005636573" lon="3.524575028568506">
        <ele>16.690000000000001</ele>
        <time>2026-08-01T11:15:58Z</time>
      </trkpt>
      <trkpt lat="50.790407890453935" lon="3.52456103079021">
        <ele>16.84</ele>
        <time>2026-08-01T11:15:59Z</time>
      </trkpt>
      <trkpt lat="50.790418451651931" lon="3.524548877030611">
        <ele>16.780000000000001</ele>
        <time>2026-08-01T11:16:00Z</time>
      </trkpt>
      <trkpt lat="50.790760517120361" lon="3.524272525683045">
        <ele>16.93</ele>
        <time>2026-08-01T11:16:13Z</time>
      </trkpt>
      <trkpt lat="50.791545063257217" lon="3.523673135787249">
        <ele>17</ele>
        <time>2026-08-01T11:16:32Z</time>
      </trkpt>
      <trkpt lat="50.792479729279876" lon="3.522927397862077">
        <ele>17.440000000000001</ele>
        <time>2026-08-01T11:16:52Z</time>
      </trkpt>
      <trkpt lat="50.792920868843794" lon="3.522506123408675">
        <ele>17.77</ele>
        <time>2026-08-01T11:17:06Z</time>
      </trkpt>
      <trkpt lat="50.792970741167665" lon="3.522444851696491">
        <ele>17.510000000000002</ele>
        <time>2026-08-01T11:17:21Z</time>
      </trkpt>
      <trkpt lat="50.792993539944291" lon="3.522411743178964">
        <ele>17.52</ele>
        <time>2026-08-01T11:17:55Z</time>
      </trkpt>
      <trkpt lat="50.793010555207729" lon="3.522414676845074">
        <ele>17.579999999999998</ele>
        <time>2026-08-01T11:17:56Z</time>
      </trkpt>
      <trkpt lat="50.793030168861151" lon="3.522431273013353">
        <ele>17.649999999999999</ele>
        <time>2026-08-01T11:17:57Z</time>
      </trkpt>
      <trkpt lat="50.793047938495874" lon="3.522461280226708">
        <ele>17.629999999999999</ele>
        <time>2026-08-01T11:17:58Z</time>
      </trkpt>
      <trkpt lat="50.79306285828352" lon="3.522496400400996">
        <ele>17.75</ele>
        <time>2026-08-01T11:17:59Z</time>
      </trkpt>
      <trkpt lat="50.793077778071165" lon="3.522533616051078">
        <ele>17.609999999999999</ele>
        <time>2026-08-01T11:18:00Z</time>
      </trkpt>
      <trkpt lat="50.793283469974995" lon="3.523064274340868">
        <ele>17.760000000000002</ele>
        <time>2026-08-01T11:18:10Z</time>
      </trkpt>
      <trkpt lat="50.793696194887161" lon="3.524061217904091">
        <ele>17.48</ele>
        <time>2026-08-01T11:18:25Z</time>
      </trkpt>
      <trkpt lat="50.79436264000833" lon="3.525688396766782">
        <ele>17.289999999999999</ele>
        <time>2026-08-01T11:18:48Z</time>
      </trkpt>
      <trkpt lat="50.794936129823327" lon="3.527093287557364">
        <ele>16.84</ele>
        <time>2026-08-01T11:19:09Z</time>
      </trkpt>
      <trkpt lat="50.795423034578562" lon="3.528284188359976">
        <ele>16.98</ele>
        <time>2026-08-01T11:19:28Z</time>
      </trkpt>
      <trkpt lat="50.795993423089385" lon="3.529672063887119">
        <ele>16.609999999999999</ele>
        <time>2026-08-01T11:19:49Z</time>
      </trkpt>
      <trkpt lat="50.796572780236602" lon="3.531096149235964">
        <ele>16.379999999999999</ele>
        <time>2026-08-01T11:20:10Z</time>
      </trkpt>
      <trkpt lat="50.797242326661944" lon="3.53271285071969">
        <ele>16.02</ele>
        <time>2026-08-01T11:20:35Z</time>
      </trkpt>
      <trkpt lat="50.797751694917679" lon="3.5339729860425">
        <ele>15.609999999999999</ele>
        <time>2026-08-01T11:20:55Z</time>
      </trkpt>
      <trkpt lat="50.798455020412803" lon="3.535691360011697">
        <ele>15.869999999999999</ele>
        <time>2026-08-01T11:21:21Z</time>
      </trkpt>
      <trkpt lat="50.79910034313798" lon="3.537272857502103">
        <ele>16.010000000000002</ele>
        <time>2026-08-01T11:21:44Z</time>
      </trkpt>
      <trkpt lat="50.799603592604399" lon="3.53850407525897">
        <ele>16.399999999999999</ele>
        <time>2026-08-01T11:22:02Z</time>
      </trkpt>
      <trkpt lat="50.800319239497185" lon="3.540249355137348">
        <ele>16.16</ele>
        <time>2026-08-01T11:22:27Z</time>
      </trkpt>
      <trkpt lat="50.80102264881134" lon="3.541959263384342">
        <ele>16.07</ele>
        <time>2026-08-01T11:22:52Z</time>
      </trkpt>
      <trkpt lat="50.801716754212976" lon="3.543659364804626">
        <ele>15.81</ele>
        <time>2026-08-01T11:23:17Z</time>
      </trkpt>
      <trkpt lat="50.802098046988249" lon="3.544545415788889">
        <ele>15.73</ele>
        <time>2026-08-01T11:23:34Z</time>
      </trkpt>
      <trkpt lat="50.802119504660368" lon="3.544539213180542">
        <ele>15.94</ele>
        <time>2026-08-01T11:23:35Z</time>
      </trkpt>
      <trkpt lat="50.802139453589916" lon="3.544522281736136">
        <ele>16.140000000000001</ele>
        <time>2026-08-01T11:23:36Z</time>
      </trkpt>
      <trkpt lat="50.802160827443004" lon="3.544500572606921">
        <ele>16.149999999999999</ele>
        <time>2026-08-01T11:23:37Z</time>
      </trkpt>
      <trkpt lat="50.802185386419296" lon="3.544475929811597">
        <ele>16.02</ele>
        <time>2026-08-01T11:23:38Z</time>
      </trkpt>
      <trkpt lat="50.802703639492393" lon="3.543920880183578">
        <ele>16.399999999999999</ele>
        <time>2026-08-01T11:23:54Z</time>
      </trkpt>
      <trkpt lat="50.803583320230246" lon="3.542951429262757">
        <ele>17.739999999999998</ele>
        <time>2026-08-01T11:24:18Z</time>
      </trkpt>
      <trkpt lat="50.804293435066938" lon="3.542278278619051">
        <ele>18.190000000000001</ele>
        <time>2026-08-01T11:24:37Z</time>
      </trkpt>
      <trkpt lat="50.804553357884288" lon="3.542041489854455">
        <ele>18.170000000000002</ele>
        <time>2026-08-01T11:24:50Z</time>
      </trkpt>
      <trkpt lat="50.805198093876243" lon="3.541551819071174">
        <ele>17.280000000000001</ele>
        <time>2026-08-01T11:25:06Z</time>
      </trkpt>
      <trkpt lat="50.806325040757656" lon="3.54069996625185">
        <ele>15.73</ele>
        <time>2026-08-01T11:25:33Z</time>
      </trkpt>
      <trkpt lat="50.806399136781693" lon="3.540708180516958">
        <ele>15.16</ele>
        <time>2026-08-01T11:25:35Z</time>
      </trkpt>
      <trkpt lat="50.806427467614412" lon="3.540746737271547">
        <ele>15.19</ele>
        <time>2026-08-01T11:25:36Z</time>
      </trkpt>
      <trkpt lat="50.806448087096214" lon="3.540800549089909">
        <ele>15.119999999999999</ele>
        <time>2026-08-01T11:25:37Z</time>
      </trkpt>
      <trkpt lat="50.806463677436113" lon="3.540864419192076">
        <ele>15.039999999999999</ele>
        <time>2026-08-01T11:25:38Z</time>
      </trkpt>
      <trkpt lat="50.806479267776012" lon="3.54093256406486">
        <ele>15.029999999999999</ele>
        <time>2026-08-01T11:25:39Z</time>
      </trkpt>
      <trkpt lat="50.806901548057795" lon="3.542384644970298">
        <ele>15.68</ele>
        <time>2026-08-01T11:26:01Z</time>
      </trkpt>
      <trkpt lat="50.807344866916537" lon="3.543967148289084">
        <ele>15.73</ele>
        <time>2026-08-01T11:26:25Z</time>
      </trkpt>
      <trkpt lat="50.807670755311847" lon="3.545036679133773">
        <ele>15.34</ele>
        <time>2026-08-01T11:26:42Z</time>
      </trkpt>
      <trkpt lat="50.807704953476787" lon="3.545035924762487">
        <ele>15.199999999999999</ele>
        <time>2026-08-01T11:26:43Z</time>
      </trkpt>
      <trkpt lat="50.807735044509172" lon="3.54501404799521">
        <ele>15.32</ele>
        <time>2026-08-01T11:26:44Z</time>
      </trkpt>
      <trkpt lat="50.807767985388637" lon="3.544996865093708">
        <ele>15.300000000000001</ele>
        <time>2026-08-01T11:26:45Z</time>
      </trkpt>
      <trkpt lat="50.80780285410583" lon="3.544977167621255">
        <ele>15.4</ele>
        <time>2026-08-01T11:26:46Z</time>
      </trkpt>
      <trkpt lat="50.808472651988268" lon="3.544511552900076">
        <ele>14.02</ele>
        <time>2026-08-01T11:27:04Z</time>
      </trkpt>
      <trkpt lat="50.808486817404628" lon="3.544523036107421">
        <ele>13.880000000000001</ele>
        <time>2026-08-01T11:27:05Z</time>
      </trkpt>
      <trkpt lat="50.80849276855588" lon="3.544538542628288">
        <ele>13.92</ele>
        <time>2026-08-01T11:27:06Z</time>
      </trkpt>
      <trkpt lat="50.808494444936514" lon="3.544577853754163">
        <ele>13.970000000000001</ele>
        <time>2026-08-01T11:27:25Z</time>
      </trkpt>
      <trkpt lat="50.808496875688434" lon="3.54457089677453">
        <ele>14.09</ele>
        <time>2026-08-01T11:29:06Z</time>
      </trkpt>
      <trkpt lat="50.808534091338515" lon="3.544601490721107">
        <ele>14.15</ele>
        <time>2026-08-01T11:29:16Z</time>
      </trkpt>
      <trkpt lat="50.80855973996222" lon="3.544657565653324">
        <ele>13.880000000000001</ele>
        <time>2026-08-01T11:29:19Z</time>
      </trkpt>
      <trkpt lat="50.808728467673063" lon="3.545035338029265">
        <ele>13.789999999999999</ele>
        <time>2026-08-01T11:29:28Z</time>
      </trkpt>
      <trkpt lat="50.808746656402946" lon="3.545094514265657">
        <ele>13.869999999999999</ele>
        <time>2026-08-01T11:29:29Z</time>
      </trkpt>
      <trkpt lat="50.808760738000274" lon="3.545157881453633">
        <ele>13.970000000000001</ele>
        <time>2026-08-01T11:29:30Z</time>
      </trkpt>
      <trkpt lat="50.808769538998604" lon="3.545226277783513">
        <ele>14.1</ele>
        <time>2026-08-01T11:29:31Z</time>
      </trkpt>
      <trkpt lat="50.808773059397936" lon="3.545297272503376">
        <ele>14.26</ele>
        <time>2026-08-01T11:29:32Z</time>
      </trkpt>
      <trkpt lat="50.808769287541509" lon="3.545368853956461">
        <ele>14.039999999999999</ele>
        <time>2026-08-01T11:29:33Z</time>
      </trkpt>
      <trkpt lat="50.80876006744802" lon="3.54543917812407">
        <ele>14.01</ele>
        <time>2026-08-01T11:29:34Z</time>
      </trkpt>
      <trkpt lat="50.808747326955199" lon="3.545506736263633">
        <ele>13.949999999999999</ele>
        <time>2026-08-01T11:29:35Z</time>
      </trkpt>
      <trkpt lat="50.808727964758873" lon="3.545571696013212">
        <ele>13.94</ele>
        <time>2026-08-01T11:29:36Z</time>
      </trkpt>
      <trkpt lat="50.808699633926153" lon="3.545629028230906">
        <ele>13.94</ele>
        <time>2026-08-01T11:29:37Z</time>
      </trkpt>
      <trkpt lat="50.808663256466389" lon="3.545673117041588">
        <ele>14.02</ele>
        <time>2026-08-01T11:29:38Z</time>
      </trkpt>
      <trkpt lat="50.808623945340514" lon="3.545711925253272">
        <ele>14.06</ele>
        <time>2026-08-01T11:29:39Z</time>
      </trkpt>
      <trkpt lat="50.808583125472069" lon="3.545747548341751">
        <ele>13.99</ele>
        <time>2026-08-01T11:29:40Z</time>
      </trkpt>
      <trkpt lat="50.808539455756545" lon="3.545770766213536">
        <ele>14.16</ele>
        <time>2026-08-01T11:29:41Z</time>
      </trkpt>
      <trkpt lat="50.808494025841355" lon="3.545776130631566">
        <ele>14.140000000000001</ele>
        <time>2026-08-01T11:29:42Z</time>
      </trkpt>
      <trkpt lat="50.808450523763895" lon="3.545760540291667">
        <ele>14.34</ele>
        <time>2026-08-01T11:29:43Z</time>
      </trkpt>
      <trkpt lat="50.808408949524164" lon="3.54574017226696">
        <ele>14.279999999999999</ele>
        <time>2026-08-01T11:29:44Z</time>
      </trkpt>
      <trkpt lat="50.808366369456053" lon="3.545735310763121">
        <ele>14.4</ele>
        <time>2026-08-01T11:29:45Z</time>
      </trkpt>
      <trkpt lat="50.808326974511147" lon="3.545747715979815">
        <ele>14.48</ele>
        <time>2026-08-01T11:29:46Z</time>
      </trkpt>
      <trkpt lat="50.80829051323235" lon="3.545767497271299">
        <ele>14.609999999999999</ele>
        <time>2026-08-01T11:29:47Z</time>
      </trkpt>
      <trkpt lat="50.808258159086108" lon="3.545793481171131">
        <ele>14.630000000000001</ele>
        <time>2026-08-01T11:29:48Z</time>
      </trkpt>
      <trkpt lat="50.808229576796293" lon="3.545819381251931">
        <ele>14.720000000000001</ele>
        <time>2026-08-01T11:29:49Z</time>
      </trkpt>
      <trkpt lat="50.807895138859749" lon="3.546134792268276">
        <ele>15.470000000000001</ele>
        <time>2026-08-01T11:30:05Z</time>
      </trkpt>
      <trkpt lat="50.807900168001652" lon="3.546190112829208">
        <ele>15.130000000000001</ele>
        <time>2026-08-01T11:31:00Z</time>
      </trkpt>
      <trkpt lat="50.80790645442903" lon="3.546215174719691">
        <ele>15.140000000000001</ele>
        <time>2026-08-01T11:31:01Z</time>
      </trkpt>
      <trkpt lat="50.807922212406993" lon="3.546239146962762">
        <ele>15.18</ele>
        <time>2026-08-01T11:31:02Z</time>
      </trkpt>
      <trkpt lat="50.807943837717175" lon="3.546262448653579">
        <ele>15.15</ele>
        <time>2026-08-01T11:31:03Z</time>
      </trkpt>
      <trkpt lat="50.80796604976058" lon="3.546292958781123">
        <ele>15.029999999999999</ele>
        <time>2026-08-01T11:31:04Z</time>
      </trkpt>
      <trkpt lat="50.807986753061414" lon="3.54632799513638">
        <ele>15.130000000000001</ele>
        <time>2026-08-01T11:31:05Z</time>
      </trkpt>
      <trkpt lat="50.808404255658388" lon="3.546975497156382">
        <ele>15.890000000000001</ele>
        <time>2026-08-01T11:31:19Z</time>
      </trkpt>
      <trkpt lat="50.808632243424654" lon="3.547952994704247">
        <ele>15.85</ele>
        <time>2026-08-01T11:31:33Z</time>
      </trkpt>
      <trkpt lat="50.808766018599272" lon="3.548731757327914">
        <ele>15.41</ele>
        <time>2026-08-01T11:31:48Z</time>
      </trkpt>
      <trkpt lat="50.808773478493094" lon="3.548744497820735">
        <ele>15.33</ele>
        <time>2026-08-01T11:31:49Z</time>
      </trkpt>
      <trkpt lat="50.80879183486104" lon="3.548756064847112">
        <ele>15.09</ele>
        <time>2026-08-01T11:31:51Z</time>
      </trkpt>
      <trkpt lat="50.808806587010622" lon="3.548757070675492">
        <ele>15.07</ele>
        <time>2026-08-01T11:31:52Z</time>
      </trkpt>
      <trkpt lat="50.808824524283409" lon="3.548752292990685">
        <ele>15.130000000000001</ele>
        <time>2026-08-01T11:31:53Z</time>
      </trkpt>
      <trkpt lat="50.808845059946179" lon="3.548740474507213">
        <ele>15.23</ele>
        <time>2026-08-01T11:31:54Z</time>
      </trkpt>
      <trkpt lat="50.808868864551187" lon="3.548723626881838">
        <ele>15.23</ele>
        <time>2026-08-01T11:31:55Z</time>
      </trkpt>
      <trkpt lat="50.808895519003272" lon="3.548701833933592">
        <ele>15.33</ele>
        <time>2026-08-01T11:31:56Z</time>
      </trkpt>
      <trkpt lat="50.809405473992229" lon="3.548272009938955">
        <ele>14.15</ele>
        <time>2026-08-01T11:32:08Z</time>
      </trkpt>
      <trkpt lat="50.809606555849314" lon="3.548102360218763">
        <ele>13.68</ele>
        <time>2026-08-01T11:32:12Z</time>
      </trkpt>
      <trkpt lat="50.809663636609912" lon="3.548099929466844">
        <ele>13.48</ele>
        <time>2026-08-01T11:32:13Z</time>
      </trkpt>
      <trkpt lat="50.809716526418924" lon="3.548129266127944">
        <ele>13.32</ele>
        <time>2026-08-01T11:32:14Z</time>
      </trkpt>
      <trkpt lat="50.809757681563497" lon="3.548188442364335">
        <ele>13.130000000000001</ele>
        <time>2026-08-01T11:32:15Z</time>
      </trkpt>
      <trkpt lat="50.809785174205899" lon="3.54826589114964">
        <ele>13.09</ele>
        <time>2026-08-01T11:32:16Z</time>
      </trkpt>
      <trkpt lat="50.809802189469337" lon="3.548349123448134">
        <ele>13.210000000000001</ele>
        <time>2026-08-01T11:32:17Z</time>
      </trkpt>
      <trkpt lat="50.809813505038619" lon="3.548434115946293">
        <ele>13.07</ele>
        <time>2026-08-01T11:32:18Z</time>
      </trkpt>
      <trkpt lat="50.809817779809237" lon="3.548518689349294">
        <ele>13.109999999999999</ele>
        <time>2026-08-01T11:32:19Z</time>
      </trkpt>
      <trkpt lat="50.80982037819922" lon="3.54860401712358">
        <ele>13.199999999999999</ele>
        <time>2026-08-01T11:32:20Z</time>
      </trkpt>
      <trkpt lat="50.809850720688701" lon="3.548856228590012">
        <ele>13.140000000000001</ele>
        <time>2026-08-01T11:32:23Z</time>
      </trkpt>
      <trkpt lat="50.809870921075344" lon="3.548935689032078">
        <ele>12.94</ele>
        <time>2026-08-01T11:32:24Z</time>
      </trkpt>
      <trkpt lat="50.810326309874654" lon="3.550362875685096">
        <ele>12.75</ele>
        <time>2026-08-01T11:32:44Z</time>
      </trkpt>
      <trkpt lat="50.810976158827543" lon="3.552141599357128">
        <ele>12.69</ele>
        <time>2026-08-01T11:33:09Z</time>
      </trkpt>
      <trkpt lat="50.811570854857564" lon="3.553715301677585">
        <ele>13.33</ele>
        <time>2026-08-01T11:33:32Z</time>
      </trkpt>
      <trkpt lat="50.812114588916302" lon="3.55482866987586">
        <ele>13.4</ele>
        <time>2026-08-01T11:33:49Z</time>
      </trkpt>
      <trkpt lat="50.812728563323617" lon="3.555936170741916">
        <ele>13.31</ele>
        <time>2026-08-01T11:34:06Z</time>
      </trkpt>
      <trkpt lat="50.813363241031766" lon="3.557115085422993">
        <ele>13.119999999999999</ele>
        <time>2026-08-01T11:34:25Z</time>
      </trkpt>
      <trkpt lat="50.814004959538579" lon="3.558307327330113">
        <ele>13.18</ele>
        <time>2026-08-01T11:34:44Z</time>
      </trkpt>
      <trkpt lat="50.814922694116831" lon="3.559990245848894">
        <ele>13.289999999999999</ele>
        <time>2026-08-01T11:35:10Z</time>
      </trkpt>
      <trkpt lat="50.815696343779564" lon="3.561456156894565">
        <ele>13.33</ele>
        <time>2026-08-01T11:35:33Z</time>
      </trkpt>
      <trkpt lat="50.815722160041332" lon="3.561526732519269">
        <ele>13.300000000000001</ele>
        <time>2026-08-01T11:35:34Z</time>
      </trkpt>
      <trkpt lat="50.816036062315106" lon="3.563103284686804">
        <ele>13.390000000000001</ele>
        <time>2026-08-01T11:35:54Z</time>
      </trkpt>
      <trkpt lat="50.816275533288717" lon="3.564373897388578">
        <ele>13.130000000000001</ele>
        <time>2026-08-01T11:36:11Z</time>
      </trkpt>
      <trkpt lat="50.816279221326113" lon="3.564445478841662">
        <ele>13.25</ele>
        <time>2026-08-01T11:36:12Z</time>
      </trkpt>
      <trkpt lat="50.816274778917432" lon="3.564515635371208">
        <ele>13.17</ele>
        <time>2026-08-01T11:36:13Z</time>
      </trkpt>
      <trkpt lat="50.81625759601593" lon="3.564575230702758">
        <ele>13.210000000000001</ele>
        <time>2026-08-01T11:36:14Z</time>
      </trkpt>
      <trkpt lat="50.816236473619938" lon="3.564625773578882">
        <ele>13.44</ele>
        <time>2026-08-01T11:36:15Z</time>
      </trkpt>
      <trkpt lat="50.816215770319104" lon="3.564664917066693">
        <ele>13.550000000000001</ele>
        <time>2026-08-01T11:36:16Z</time>
      </trkpt>
      <trkpt lat="50.816196743398905" lon="3.56469308026135">
        <ele>13.699999999999999</ele>
        <time>2026-08-01T11:36:17Z</time>
      </trkpt>
      <trkpt lat="50.816180231049657" lon="3.564709760248661">
        <ele>14.02</ele>
        <time>2026-08-01T11:36:18Z</time>
      </trkpt>
      <trkpt lat="50.816162545233965" lon="3.56471898034215">
        <ele>13.76</ele>
        <time>2026-08-01T11:36:19Z</time>
      </trkpt>
      <trkpt lat="50.816146451979876" lon="3.564731720834971">
        <ele>14.460000000000001</ele>
        <time>2026-08-01T11:36:20Z</time>
      </trkpt>
      <trkpt lat="50.816131448373199" lon="3.564742030575872">
        <ele>14.41</ele>
        <time>2026-08-01T11:36:21Z</time>
      </trkpt>
      <trkpt lat="50.816115019842982" lon="3.564746975898743">
        <ele>14.82</ele>
        <time>2026-08-01T11:36:22Z</time>
      </trkpt>
      <trkpt lat="50.816097753122449" lon="3.564750999212265">
        <ele>14.710000000000001</ele>
        <time>2026-08-01T11:36:23Z</time>
      </trkpt>
      <trkpt lat="50.815807152539492" lon="3.564823837950826">
        <ele>17.109999999999999</ele>
        <time>2026-08-01T11:36:38Z</time>
      </trkpt>
      <trkpt lat="50.815633395686746" lon="3.565065572038293">
        <ele>17.329999999999998</ele>
        <time>2026-08-01T11:36:48Z</time>
      </trkpt>
      <trkpt lat="50.815633563324809" lon="3.565090550109744">
        <ele>17.57</ele>
        <time>2026-08-01T11:36:49Z</time>
      </trkpt>
      <trkpt lat="50.815640268847346" lon="3.565132459625602">
        <ele>17.469999999999999</ele>
        <time>2026-08-01T11:37:00Z</time>
      </trkpt>
      <trkpt lat="50.815653763711452" lon="3.565108487382531">
        <ele>17.210000000000001</ele>
        <time>2026-08-01T11:37:14Z</time>
      </trkpt>
      <trkpt lat="50.815653093159199" lon="3.565077977254987">
        <ele>17.050000000000001</ele>
        <time>2026-08-01T11:38:33Z</time>
      </trkpt>
      <trkpt lat="50.815657870844007" lon="3.565072193741798">
        <ele>17.43</ele>
        <time>2026-08-01T11:40:09Z</time>
      </trkpt>
      <trkpt lat="50.815652254968882" lon="3.565084179863334">
        <ele>17.890000000000001</ele>
        <time>2026-08-01T11:42:07Z</time>
      </trkpt>
      <trkpt lat="50.81565166823566" lon="3.565095663070679">
        <ele>17.550000000000001</ele>
        <time>2026-08-01T11:43:47Z</time>
      </trkpt>
      <trkpt lat="50.81564923748374" lon="3.565092729404569">
        <ele>17.16</ele>
        <time>2026-08-01T11:45:14Z</time>
      </trkpt>
      <trkpt lat="50.815647225826979" lon="3.565081749111414">
        <ele>17.329999999999998</ele>
        <time>2026-08-01T11:46:59Z</time>
      </trkpt>
      <trkpt lat="50.815649069845676" lon="3.565048389136791">
        <ele>16.989999999999998</ele>
        <time>2026-08-01T11:47:12Z</time>
      </trkpt>
      <trkpt lat="50.815650997683406" lon="3.565021399408579">
        <ele>16.940000000000001</ele>
        <time>2026-08-01T11:47:13Z</time>
      </trkpt>
      <trkpt lat="50.815659128129482" lon="3.564986195415258">
        <ele>16.800000000000001</ele>
        <time>2026-08-01T11:47:14Z</time>
      </trkpt>
      <trkpt lat="50.815673293545842" lon="3.564947973936796">
        <ele>16.43</ele>
        <time>2026-08-01T11:47:15Z</time>
      </trkpt>
      <trkpt lat="50.815693326294422" lon="3.564912183210254">
        <ele>16.73</ele>
        <time>2026-08-01T11:47:16Z</time>
      </trkpt>
      <trkpt lat="50.815717717632651" lon="3.564877565950155">
        <ele>16.239999999999998</ele>
        <time>2026-08-01T11:47:17Z</time>
      </trkpt>
      <trkpt lat="50.815743198618293" lon="3.564846217632294">
        <ele>16.43</ele>
        <time>2026-08-01T11:47:18Z</time>
      </trkpt>
      <trkpt lat="50.815769685432315" lon="3.564817886799574">
        <ele>16.579999999999998</ele>
        <time>2026-08-01T11:47:19Z</time>
      </trkpt>
      <trkpt lat="50.815796926617622" lon="3.564792824909091">
        <ele>16.98</ele>
        <time>2026-08-01T11:47:20Z</time>
      </trkpt>
      <trkpt lat="50.815821988508105" lon="3.564768768846989">
        <ele>16.809999999999999</ele>
        <time>2026-08-01T11:47:21Z</time>
      </trkpt>
      <trkpt lat="50.816095322370529" lon="3.564727529883385">
        <ele>14.93</ele>
        <time>2026-08-01T11:47:32Z</time>
      </trkpt>
      <trkpt lat="50.816262289881706" lon="3.564547318965197">
        <ele>13.24</ele>
        <time>2026-08-01T11:47:38Z</time>
      </trkpt>
      <trkpt lat="50.816304534673691" lon="3.564433492720127">
        <ele>12.94</ele>
        <time>2026-08-01T11:47:40Z</time>
      </trkpt>
      <trkpt lat="50.816336888819933" lon="3.564386386424303">
        <ele>12.73</ele>
        <time>2026-08-01T11:47:41Z</time>
      </trkpt>
      <trkpt lat="50.816374942660332" lon="3.564348164945841">
        <ele>12.890000000000001</ele>
        <time>2026-08-01T11:47:42Z</time>
      </trkpt>
      <trkpt lat="50.816417019814253" lon="3.564316062256694">
        <ele>13.02</ele>
        <time>2026-08-01T11:47:43Z</time>
      </trkpt>
      <trkpt lat="50.816459180787206" lon="3.564290078356862">
        <ele>13.029999999999999</ele>
        <time>2026-08-01T11:47:44Z</time>
      </trkpt>
      <trkpt lat="50.816503521054983" lon="3.564265184104443">
        <ele>12.75</ele>
        <time>2026-08-01T11:47:45Z</time>
      </trkpt>
      <trkpt lat="50.817322097718716" lon="3.563663698732853">
        <ele>12.44</ele>
        <time>2026-08-01T11:48:04Z</time>
      </trkpt>
      <trkpt lat="50.817371550947428" lon="3.563615335151553">
        <ele>12.35</ele>
        <time>2026-08-01T11:48:05Z</time>
      </trkpt>
      <trkpt lat="50.818437226116657" lon="3.562672287225723">
        <ele>12.77</ele>
        <time>2026-08-01T11:48:26Z</time>
      </trkpt>
      <trkpt lat="50.819506337866187" lon="3.561875587329269">
        <ele>12.880000000000001</ele>
        <time>2026-08-01T11:48:47Z</time>
      </trkpt>
      <trkpt lat="50.819601304829121" lon="3.561814818531275">
        <ele>12.94</ele>
        <time>2026-08-01T11:48:49Z</time>
      </trkpt>
      <trkpt lat="50.819644806906581" lon="3.561795623973012">
        <ele>13.199999999999999</ele>
        <time>2026-08-01T11:48:50Z</time>
      </trkpt>
      <trkpt lat="50.819690991193056" lon="3.561772238463163">
        <ele>13.15</ele>
        <time>2026-08-01T11:48:51Z</time>
      </trkpt>
      <trkpt lat="50.819730637595057" lon="3.561740387231112">
        <ele>12.92</ele>
        <time>2026-08-01T11:48:52Z</time>
      </trkpt>
      <trkpt lat="50.819773972034454" lon="3.56170903891325">
        <ele>13</ele>
        <time>2026-08-01T11:48:53Z</time>
      </trkpt>
      <trkpt lat="50.820091897621751" lon="3.561467556282878">
        <ele>12.640000000000001</ele>
        <time>2026-08-01T11:49:05Z</time>
      </trkpt>
      <trkpt lat="50.820141518488526" lon="3.561418438330293">
        <ele>12.199999999999999</ele>
        <time>2026-08-01T11:49:20Z</time>
      </trkpt>
      <trkpt lat="50.820154929533601" lon="3.561377199366689">
        <ele>12.279999999999999</ele>
        <time>2026-08-01T11:49:39Z</time>
      </trkpt>
      <trkpt lat="50.820137159898877" lon="3.561410894617438">
        <ele>12.34</ele>
        <time>2026-08-01T11:49:51Z</time>
      </trkpt>
      <trkpt lat="50.820208825170994" lon="3.561456240713596">
        <ele>13.6</ele>
        <time>2026-08-01T11:50:06Z</time>
      </trkpt>
      <trkpt lat="50.820212932303548" lon="3.561481637880206">
        <ele>13.52</ele>
        <time>2026-08-01T11:50:08Z</time>
      </trkpt>
      <trkpt lat="50.820217039436102" lon="3.561497228220105">
        <ele>13.52</ele>
        <time>2026-08-01T11:50:09Z</time>
      </trkpt>
      <trkpt lat="50.820218212902546" lon="3.561523631215096">
        <ele>13.619999999999999</ele>
        <time>2026-08-01T11:50:10Z</time>
      </trkpt>
      <trkpt lat="50.820217039436102" lon="3.561555063351989">
        <ele>13.49</ele>
        <time>2026-08-01T11:50:11Z</time>
      </trkpt>
      <trkpt lat="50.82021301612258" lon="3.561590602621436">
        <ele>13.51</ele>
        <time>2026-08-01T11:50:12Z</time>
      </trkpt>
      <trkpt lat="50.820206562057137" lon="3.561628321185708">
        <ele>13.59</ele>
        <time>2026-08-01T11:50:13Z</time>
      </trkpt>
      <trkpt lat="50.820199437439442" lon="3.56166947633028">
        <ele>13.69</ele>
        <time>2026-08-01T11:50:14Z</time>
      </trkpt>
      <trkpt lat="50.82006985321641" lon="3.562675639986992">
        <ele>14.17</ele>
        <time>2026-08-01T11:50:33Z</time>
      </trkpt>
      <trkpt lat="50.819845218211412" lon="3.564037950709462">
        <ele>14.25</ele>
        <time>2026-08-01T11:50:53Z</time>
      </trkpt>
      <trkpt lat="50.819512791931629" lon="3.565817596390843">
        <ele>14.83</ele>
        <time>2026-08-01T11:51:15Z</time>
      </trkpt>
      <trkpt lat="50.81929343752563" lon="3.567541250959039">
        <ele>14.369999999999999</ele>
        <time>2026-08-01T11:51:35Z</time>
      </trkpt>
      <trkpt lat="50.819265190511942" lon="3.569550728425384">
        <ele>14.49</ele>
        <time>2026-08-01T11:51:57Z</time>
      </trkpt>
      <trkpt lat="50.819502649828792" lon="3.571832282468677">
        <ele>13.960000000000001</ele>
        <time>2026-08-01T11:52:22Z</time>
      </trkpt>
      <trkpt lat="50.819914452731609" lon="3.573663225397468">
        <ele>13.66</ele>
        <time>2026-08-01T11:52:43Z</time>
      </trkpt>
      <trkpt lat="50.820504622533917" lon="3.575367433950305">
        <ele>14.4</ele>
        <time>2026-08-01T11:53:05Z</time>
      </trkpt>
      <trkpt lat="50.821185987442732" lon="3.576736617833376">
        <ele>13.789999999999999</ele>
        <time>2026-08-01T11:53:25Z</time>
      </trkpt>
      <trkpt lat="50.821915799751878" lon="3.577899103984237">
        <ele>14.279999999999999</ele>
        <time>2026-08-01T11:53:45Z</time>
      </trkpt>
      <trkpt lat="50.822724318131804" lon="3.579131998121738">
        <ele>14.31</ele>
        <time>2026-08-01T11:54:06Z</time>
      </trkpt>
      <trkpt lat="50.823627216741443" lon="3.580447286367416">
        <ele>14.01</ele>
        <time>2026-08-01T11:54:29Z</time>
      </trkpt>
      <trkpt lat="50.824518548324704" lon="3.581583956256509">
        <ele>13.65</ele>
        <time>2026-08-01T11:54:51Z</time>
      </trkpt>
      <trkpt lat="50.825549522414804" lon="3.582742419093847">
        <ele>13.23</ele>
        <time>2026-08-01T11:55:14Z</time>
      </trkpt>
      <trkpt lat="50.826493157073855" lon="3.583671469241381">
        <ele>13.130000000000001</ele>
        <time>2026-08-01T11:55:35Z</time>
      </trkpt>
      <trkpt lat="50.82671276293695" lon="3.583937427029014">
        <ele>13.01</ele>
        <time>2026-08-01T11:55:40Z</time>
      </trkpt>
      <trkpt lat="50.82676162943244" lon="3.583982773125172">
        <ele>12.98</ele>
        <time>2026-08-01T11:55:41Z</time>
      </trkpt>
      <trkpt lat="50.827967617660761" lon="3.584924647584558">
        <ele>13.08</ele>
        <time>2026-08-01T11:56:05Z</time>
      </trkpt>
      <trkpt lat="50.828130980953574" lon="3.5849863383919">
        <ele>13.119999999999999</ele>
        <time>2026-08-01T11:56:08Z</time>
      </trkpt>
      <trkpt lat="50.828182781115174" lon="3.585021458566189">
        <ele>13.23</ele>
        <time>2026-08-01T11:56:09Z</time>
      </trkpt>
      <trkpt lat="50.829148627817631" lon="3.585685724392533">
        <ele>12.93</ele>
        <time>2026-08-01T11:56:28Z</time>
      </trkpt>
      <trkpt lat="50.829185927286744" lon="3.585746577009559">
        <ele>13.06</ele>
        <time>2026-08-01T11:56:29Z</time>
      </trkpt>
      <trkpt lat="50.829218616709113" lon="3.585814721882343">
        <ele>13.1</ele>
        <time>2026-08-01T11:56:30Z</time>
      </trkpt>
      <trkpt lat="50.829293131828308" lon="3.585941540077329">
        <ele>13.119999999999999</ele>
        <time>2026-08-01T11:56:32Z</time>
      </trkpt>
      <trkpt lat="50.829343171790242" lon="3.585981270298362">
        <ele>13.18</ele>
        <time>2026-08-01T11:56:33Z</time>
      </trkpt>
      <trkpt lat="50.829395474866033" lon="3.586013037711382">
        <ele>12.93</ele>
        <time>2026-08-01T11:56:34Z</time>
      </trkpt>
      <trkpt lat="50.830802880227566" lon="3.586986595764756">
        <ele>12.93</ele>
        <time>2026-08-01T11:57:01Z</time>
      </trkpt>
      <trkpt lat="50.830841856077313" lon="3.58704979531467">
        <ele>12.82</ele>
        <time>2026-08-01T11:57:02Z</time>
      </trkpt>
      <trkpt lat="50.830882927402854" lon="3.587109223008156">
        <ele>13.07</ele>
        <time>2026-08-01T11:57:03Z</time>
      </trkpt>
      <trkpt lat="50.830929279327393" lon="3.587158257141709">
        <ele>12.960000000000001</ele>
        <time>2026-08-01T11:57:04Z</time>
      </trkpt>
      <trkpt lat="50.830978816375136" lon="3.587195808067918">
        <ele>13.27</ele>
        <time>2026-08-01T11:57:05Z</time>
      </trkpt>
      <trkpt lat="50.831029778346419" lon="3.587229838594794">
        <ele>13.26</ele>
        <time>2026-08-01T11:57:06Z</time>
      </trkpt>
      <trkpt lat="50.831991517916322" lon="3.588036932051182">
        <ele>13.050000000000001</ele>
        <time>2026-08-01T11:57:25Z</time>
      </trkpt>
      <trkpt lat="50.832750666886568" lon="3.588809827342629">
        <ele>12.76</ele>
        <time>2026-08-01T11:57:41Z</time>
      </trkpt>
      <trkpt lat="50.832801628857851" lon="3.588859532028437">
        <ele>12.83</ele>
        <time>2026-08-01T11:57:42Z</time>
      </trkpt>
      <trkpt lat="50.832849740982056" lon="3.588914349675179">
        <ele>12.859999999999999</ele>
        <time>2026-08-01T11:57:43Z</time>
      </trkpt>
      <trkpt lat="50.832939762622118" lon="3.589034881442785">
        <ele>12.91</ele>
        <time>2026-08-01T11:57:45Z</time>
      </trkpt>
      <trkpt lat="50.833772253245115" lon="3.590421751141548">
        <ele>12.880000000000001</ele>
        <time>2026-08-01T11:58:06Z</time>
      </trkpt>
      <trkpt lat="50.834363345056772" lon="3.591623045504093">
        <ele>12.77</ele>
        <time>2026-08-01T11:58:25Z</time>
      </trkpt>
      <trkpt lat="50.834966925904155" lon="3.593226503580809">
        <ele>13.06</ele>
        <time>2026-08-01T11:58:47Z</time>
      </trkpt>
      <trkpt lat="50.835605040192604" lon="3.595141852274537">
        <ele>13.029999999999999</ele>
        <time>2026-08-01T11:59:12Z</time>
      </trkpt>
      <trkpt lat="50.836287243291736" lon="3.59727974049747">
        <ele>13.779999999999999</ele>
        <time>2026-08-01T11:59:39Z</time>
      </trkpt>
      <trkpt lat="50.836708350107074" lon="3.598599974066019">
        <ele>12.890000000000001</ele>
        <time>2026-08-01T11:59:57Z</time>
      </trkpt>
      <trkpt lat="50.837080255150795" lon="3.599596917629242">
        <ele>12.58</ele>
        <time>2026-08-01T12:00:11Z</time>
      </trkpt>
      <trkpt lat="50.837875362485647" lon="3.601362649351358">
        <ele>12.9</ele>
        <time>2026-08-01T12:00:36Z</time>
      </trkpt>
      <trkpt lat="50.838775327429175" lon="3.6032634973526">
        <ele>13.460000000000001</ele>
        <time>2026-08-01T12:01:03Z</time>
      </trkpt>
      <trkpt lat="50.839138515293598" lon="3.604037230834365">
        <ele>13.130000000000001</ele>
        <time>2026-08-01T12:01:15Z</time>
      </trkpt>
      <trkpt lat="50.839619720354676" lon="3.605068288743496">
        <ele>12.720000000000001</ele>
        <time>2026-08-01T12:01:32Z</time>
      </trkpt>
      <trkpt lat="50.840276945382357" lon="3.606469491496682">
        <ele>12.550000000000001</ele>
        <time>2026-08-01T12:01:55Z</time>
      </trkpt>
      <trkpt lat="50.840309634804726" lon="3.606512658298016">
        <ele>12.74</ele>
        <time>2026-08-01T12:01:56Z</time>
      </trkpt>
      <trkpt lat="50.840518260374665" lon="3.606799822300673">
        <ele>12.23</ele>
        <time>2026-08-01T12:02:02Z</time>
      </trkpt>
      <trkpt lat="50.84106526337564" lon="3.607956692576408">
        <ele>12.869999999999999</ele>
        <time>2026-08-01T12:02:20Z</time>
      </trkpt>
      <trkpt lat="50.841105161234736" lon="3.608014276251197">
        <ele>12.85</ele>
        <time>2026-08-01T12:02:21Z</time>
      </trkpt>
      <trkpt lat="50.841885097324848" lon="3.609106186777353">
        <ele>13.039999999999999</ele>
        <time>2026-08-01T12:02:42Z</time>
      </trkpt>
      <trkpt lat="50.842110067605972" lon="3.609351525083184">
        <ele>13.26</ele>
        <time>2026-08-01T12:02:55Z</time>
      </trkpt>
      <trkpt lat="50.842107636854053" lon="3.609343143180013">
        <ele>12.75</ele>
        <time>2026-08-01T12:03:58Z</time>
      </trkpt>
      <trkpt lat="50.842107217758894" lon="3.609321685507894">
        <ele>12.16</ele>
        <time>2026-08-01T12:05:39Z</time>
      </trkpt>
      <trkpt lat="50.842111324891448" lon="3.60933224670589">
        <ele>12.07</ele>
        <time>2026-08-01T12:07:13Z</time>
      </trkpt>
      <trkpt lat="50.842252895236015" lon="3.609378766268492">
        <ele>11.68</ele>
        <time>2026-08-01T12:08:02Z</time>
      </trkpt>
      <trkpt lat="50.842554224655032" lon="3.608793541789055">
        <ele>11.789999999999999</ele>
        <time>2026-08-01T12:08:16Z</time>
      </trkpt>
      <trkpt lat="50.842710882425308" lon="3.608497744426131">
        <ele>11.15</ele>
        <time>2026-08-01T12:08:22Z</time>
      </trkpt>
      <trkpt lat="50.843012128025293" lon="3.607972282916307">
        <ele>10.58</ele>
        <time>2026-08-01T12:08:34Z</time>
      </trkpt>
      <trkpt lat="50.843051020056009" lon="3.607978820800781">
        <ele>10.77</ele>
        <time>2026-08-01T12:08:35Z</time>
      </trkpt>
      <trkpt lat="50.843084966763854" lon="3.608008408918977">
        <ele>10.789999999999999</ele>
        <time>2026-08-01T12:08:36Z</time>
      </trkpt>
      <trkpt lat="50.843116147443652" lon="3.608043361455202">
        <ele>10.67</ele>
        <time>2026-08-01T12:08:37Z</time>
      </trkpt>
      <trkpt lat="50.843146909028292" lon="3.608077308163047">
        <ele>10.66</ele>
        <time>2026-08-01T12:08:38Z</time>
      </trkpt>
    </trkseg>
  </trk>

</gpx>
